accuracy,0.7692307692307693,0.00038745284287465943,LogisticRegression,3,"['38430_at', '38907_at', '38433_at', '0', '1', '2', '0_rbf', '1_rbf', '2_rbf', 3, 4, 5, 6, 7, 8, 9, 10, 11, 12, 13, 14, 15, 16, 17, 18, 19, 20, 21, 22, 23, 24, 25, 26, 27, 28, 29, 30, 31, 32, 33, 34, 35, 36, 37, 38, 39, 40, 41, 42, 43, 44, 45, 46, 47, 48, 49, 50, 51, 52, 53, 54, 55, 56, 57, 58, 59, 60, 61, 62, 63, 64, 65, 66, 67, 68, 69, 70, 71, 72, 73, 74, 75, 76, 77, 78, 79, 80, 81, 82, 83, 84, 85, 86, 87, 88, 89, 90, 91, 92, 93, 94, 95, 96, 97, 98, 99, 100, 101, 102, 103, 104, 105, 106, 107, 108, 109, 110, 111, 112, 113]",[0.26746741 0.69746977 0.8537608  ... 0.07162534 0.27565648 0.35000985],Aug_f_classif,1,0.06214817054569721,bioconductor_ALL,128,12625,StratifiedKFold n_splits = 10
MCC,0.27247463045653303,0.00038745284287465943,LogisticRegression,3,"['38430_at', '38907_at', '38433_at', '0', '1', '2', '0_rbf', '1_rbf', '2_rbf', 3, 4, 5, 6, 7, 8, 9, 10, 11, 12, 13, 14, 15, 16, 17, 18, 19, 20, 21, 22, 23, 24, 25, 26, 27, 28, 29, 30, 31, 32, 33, 34, 35, 36, 37, 38, 39, 40, 41, 42, 43, 44, 45, 46, 47, 48, 49, 50, 51, 52, 53, 54, 55, 56, 57, 58, 59, 60, 61, 62, 63, 64, 65, 66, 67, 68, 69, 70, 71, 72, 73, 74, 75, 76, 77, 78, 79, 80, 81, 82, 83, 84, 85, 86, 87, 88, 89, 90, 91, 92, 93, 94, 95, 96, 97, 98, 99, 100, 101, 102, 103, 104, 105, 106, 107, 108, 109, 110, 111, 112, 113]",[0.26746741 0.69746977 0.8537608  ... 0.07162534 0.27565648 0.35000985],Aug_f_classif,1,0.06214817054569721,bioconductor_ALL,128,12625,StratifiedKFold n_splits = 10
AUC,0.8905325443786982,0.00038745284287465943,LogisticRegression,3,"['38430_at', '38907_at', '38433_at', '0', '1', '2', '0_rbf', '1_rbf', '2_rbf', 3, 4, 5, 6, 7, 8, 9, 10, 11, 12, 13, 14, 15, 16, 17, 18, 19, 20, 21, 22, 23, 24, 25, 26, 27, 28, 29, 30, 31, 32, 33, 34, 35, 36, 37, 38, 39, 40, 41, 42, 43, 44, 45, 46, 47, 48, 49, 50, 51, 52, 53, 54, 55, 56, 57, 58, 59, 60, 61, 62, 63, 64, 65, 66, 67, 68, 69, 70, 71, 72, 73, 74, 75, 76, 77, 78, 79, 80, 81, 82, 83, 84, 85, 86, 87, 88, 89, 90, 91, 92, 93, 94, 95, 96, 97, 98, 99, 100, 101, 102, 103, 104, 105, 106, 107, 108, 109, 110, 111, 112, 113]",[0.26746741 0.69746977 0.8537608  ... 0.07162534 0.27565648 0.35000985],Aug_f_classif,1,0.06214817054569721,bioconductor_ALL,128,12625,StratifiedKFold n_splits = 10
PR-AUC,0.7952720712336097,0.00038745284287465943,LogisticRegression,3,"['38430_at', '38907_at', '38433_at', '0', '1', '2', '0_rbf', '1_rbf', '2_rbf', 3, 4, 5, 6, 7, 8, 9, 10, 11, 12, 13, 14, 15, 16, 17, 18, 19, 20, 21, 22, 23, 24, 25, 26, 27, 28, 29, 30, 31, 32, 33, 34, 35, 36, 37, 38, 39, 40, 41, 42, 43, 44, 45, 46, 47, 48, 49, 50, 51, 52, 53, 54, 55, 56, 57, 58, 59, 60, 61, 62, 63, 64, 65, 66, 67, 68, 69, 70, 71, 72, 73, 74, 75, 76, 77, 78, 79, 80, 81, 82, 83, 84, 85, 86, 87, 88, 89, 90, 91, 92, 93, 94, 95, 96, 97, 98, 99, 100, 101, 102, 103, 104, 105, 106, 107, 108, 109, 110, 111, 112, 113]",[0.26746741 0.69746977 0.8537608  ... 0.07162534 0.27565648 0.35000985],Aug_f_classif,1,0.06214817054569721,bioconductor_ALL,128,12625,StratifiedKFold n_splits = 10
accuracy,0.15384615384615385,0.0003008298821501679,LogisticRegression,3,"['40634_at', '38542_at', '38828_s_at', '0', '1', '2', '0_rbf', '1_rbf', '2_rbf', 3, 4, 5, 6, 7, 8, 9, 10, 11, 12, 13, 14, 15, 16, 17, 18, 19, 20, 21, 22, 23, 24, 25, 26, 27, 28, 29, 30, 31, 32, 33, 34, 35, 36, 37, 38, 39, 40, 41, 42, 43, 44, 45, 46, 47, 48, 49, 50, 51, 52, 53, 54, 55, 56, 57, 58, 59, 60, 61, 62, 63, 64, 65, 66, 67, 68, 69, 70, 71, 72, 73, 74, 75, 76, 77, 78, 79, 80, 81, 82, 83, 84, 85, 86, 87, 88, 89, 90, 91, 92, 93, 94, 95, 96, 97, 98, 99, 100, 101, 102, 103, 104, 105, 106, 107, 108, 109, 110, 111, 112, 113]",[0.50753987 1.06148188 1.51833445 ... 0.37094133 0.73842287 1.01346152],Aug_f_classif,2,0.08173033129423857,bioconductor_ALL,128,12625,StratifiedKFold n_splits = 10
MCC,-0.4531466433086317,0.0003008298821501679,LogisticRegression,3,"['40634_at', '38542_at', '38828_s_at', '0', '1', '2', '0_rbf', '1_rbf', '2_rbf', 3, 4, 5, 6, 7, 8, 9, 10, 11, 12, 13, 14, 15, 16, 17, 18, 19, 20, 21, 22, 23, 24, 25, 26, 27, 28, 29, 30, 31, 32, 33, 34, 35, 36, 37, 38, 39, 40, 41, 42, 43, 44, 45, 46, 47, 48, 49, 50, 51, 52, 53, 54, 55, 56, 57, 58, 59, 60, 61, 62, 63, 64, 65, 66, 67, 68, 69, 70, 71, 72, 73, 74, 75, 76, 77, 78, 79, 80, 81, 82, 83, 84, 85, 86, 87, 88, 89, 90, 91, 92, 93, 94, 95, 96, 97, 98, 99, 100, 101, 102, 103, 104, 105, 106, 107, 108, 109, 110, 111, 112, 113]",[0.50753987 1.06148188 1.51833445 ... 0.37094133 0.73842287 1.01346152],Aug_f_classif,2,0.08173033129423857,bioconductor_ALL,128,12625,StratifiedKFold n_splits = 10
AUC,0.49112426035502954,0.0003008298821501679,LogisticRegression,3,"['40634_at', '38542_at', '38828_s_at', '0', '1', '2', '0_rbf', '1_rbf', '2_rbf', 3, 4, 5, 6, 7, 8, 9, 10, 11, 12, 13, 14, 15, 16, 17, 18, 19, 20, 21, 22, 23, 24, 25, 26, 27, 28, 29, 30, 31, 32, 33, 34, 35, 36, 37, 38, 39, 40, 41, 42, 43, 44, 45, 46, 47, 48, 49, 50, 51, 52, 53, 54, 55, 56, 57, 58, 59, 60, 61, 62, 63, 64, 65, 66, 67, 68, 69, 70, 71, 72, 73, 74, 75, 76, 77, 78, 79, 80, 81, 82, 83, 84, 85, 86, 87, 88, 89, 90, 91, 92, 93, 94, 95, 96, 97, 98, 99, 100, 101, 102, 103, 104, 105, 106, 107, 108, 109, 110, 111, 112, 113]",[0.50753987 1.06148188 1.51833445 ... 0.37094133 0.73842287 1.01346152],Aug_f_classif,2,0.08173033129423857,bioconductor_ALL,128,12625,StratifiedKFold n_splits = 10
PR-AUC,0.34718830379106635,0.0003008298821501679,LogisticRegression,3,"['40634_at', '38542_at', '38828_s_at', '0', '1', '2', '0_rbf', '1_rbf', '2_rbf', 3, 4, 5, 6, 7, 8, 9, 10, 11, 12, 13, 14, 15, 16, 17, 18, 19, 20, 21, 22, 23, 24, 25, 26, 27, 28, 29, 30, 31, 32, 33, 34, 35, 36, 37, 38, 39, 40, 41, 42, 43, 44, 45, 46, 47, 48, 49, 50, 51, 52, 53, 54, 55, 56, 57, 58, 59, 60, 61, 62, 63, 64, 65, 66, 67, 68, 69, 70, 71, 72, 73, 74, 75, 76, 77, 78, 79, 80, 81, 82, 83, 84, 85, 86, 87, 88, 89, 90, 91, 92, 93, 94, 95, 96, 97, 98, 99, 100, 101, 102, 103, 104, 105, 106, 107, 108, 109, 110, 111, 112, 113]",[0.50753987 1.06148188 1.51833445 ... 0.37094133 0.73842287 1.01346152],Aug_f_classif,2,0.08173033129423857,bioconductor_ALL,128,12625,StratifiedKFold n_splits = 10
accuracy,0.46153846153846156,0.0002502980215590952,LogisticRegression,3,"['40556_at', '38582_at', '38907_at', '0', '1', '2', '0_rbf', '1_rbf', '2_rbf', 3, 4, 5, 6, 7, 8, 9, 10, 11, 12, 13, 14, 15, 16, 17, 18, 19, 20, 21, 22, 23, 24, 25, 26, 27, 28, 29, 30, 31, 32, 33, 34, 35, 36, 37, 38, 39, 40, 41, 42, 43, 44, 45, 46, 47, 48, 49, 50, 51, 52, 53, 54, 55, 56, 57, 58, 59, 60, 61, 62, 63, 64, 65, 66, 67, 68, 69, 70, 71, 72, 73, 74, 75, 76, 77, 78, 79, 80, 81, 82, 83, 84, 85, 86, 87, 88, 89, 90, 91, 92, 93, 94, 95, 96, 97, 98, 99, 100, 101, 102, 103, 104, 105, 106, 107, 108, 109, 110, 111, 112, 113]",[0.10270999 0.56118308 0.90575072 ... 0.08345398 0.32145109 0.52165911],Aug_f_classif,3,0.08174009062349796,bioconductor_ALL,128,12625,StratifiedKFold n_splits = 10
MCC,0.24845199749997662,0.0002502980215590952,LogisticRegression,3,"['40556_at', '38582_at', '38907_at', '0', '1', '2', '0_rbf', '1_rbf', '2_rbf', 3, 4, 5, 6, 7, 8, 9, 10, 11, 12, 13, 14, 15, 16, 17, 18, 19, 20, 21, 22, 23, 24, 25, 26, 27, 28, 29, 30, 31, 32, 33, 34, 35, 36, 37, 38, 39, 40, 41, 42, 43, 44, 45, 46, 47, 48, 49, 50, 51, 52, 53, 54, 55, 56, 57, 58, 59, 60, 61, 62, 63, 64, 65, 66, 67, 68, 69, 70, 71, 72, 73, 74, 75, 76, 77, 78, 79, 80, 81, 82, 83, 84, 85, 86, 87, 88, 89, 90, 91, 92, 93, 94, 95, 96, 97, 98, 99, 100, 101, 102, 103, 104, 105, 106, 107, 108, 109, 110, 111, 112, 113]",[0.10270999 0.56118308 0.90575072 ... 0.08345398 0.32145109 0.52165911],Aug_f_classif,3,0.08174009062349796,bioconductor_ALL,128,12625,StratifiedKFold n_splits = 10
AUC,0.6627218934911243,0.0002502980215590952,LogisticRegression,3,"['40556_at', '38582_at', '38907_at', '0', '1', '2', '0_rbf', '1_rbf', '2_rbf', 3, 4, 5, 6, 7, 8, 9, 10, 11, 12, 13, 14, 15, 16, 17, 18, 19, 20, 21, 22, 23, 24, 25, 26, 27, 28, 29, 30, 31, 32, 33, 34, 35, 36, 37, 38, 39, 40, 41, 42, 43, 44, 45, 46, 47, 48, 49, 50, 51, 52, 53, 54, 55, 56, 57, 58, 59, 60, 61, 62, 63, 64, 65, 66, 67, 68, 69, 70, 71, 72, 73, 74, 75, 76, 77, 78, 79, 80, 81, 82, 83, 84, 85, 86, 87, 88, 89, 90, 91, 92, 93, 94, 95, 96, 97, 98, 99, 100, 101, 102, 103, 104, 105, 106, 107, 108, 109, 110, 111, 112, 113]",[0.10270999 0.56118308 0.90575072 ... 0.08345398 0.32145109 0.52165911],Aug_f_classif,3,0.08174009062349796,bioconductor_ALL,128,12625,StratifiedKFold n_splits = 10
PR-AUC,0.43420169037455786,0.0002502980215590952,LogisticRegression,3,"['40556_at', '38582_at', '38907_at', '0', '1', '2', '0_rbf', '1_rbf', '2_rbf', 3, 4, 5, 6, 7, 8, 9, 10, 11, 12, 13, 14, 15, 16, 17, 18, 19, 20, 21, 22, 23, 24, 25, 26, 27, 28, 29, 30, 31, 32, 33, 34, 35, 36, 37, 38, 39, 40, 41, 42, 43, 44, 45, 46, 47, 48, 49, 50, 51, 52, 53, 54, 55, 56, 57, 58, 59, 60, 61, 62, 63, 64, 65, 66, 67, 68, 69, 70, 71, 72, 73, 74, 75, 76, 77, 78, 79, 80, 81, 82, 83, 84, 85, 86, 87, 88, 89, 90, 91, 92, 93, 94, 95, 96, 97, 98, 99, 100, 101, 102, 103, 104, 105, 106, 107, 108, 109, 110, 111, 112, 113]",[0.10270999 0.56118308 0.90575072 ... 0.08345398 0.32145109 0.52165911],Aug_f_classif,3,0.08174009062349796,bioconductor_ALL,128,12625,StratifiedKFold n_splits = 10
accuracy,0.5384615384615384,0.00027026312814636545,LogisticRegression,3,"['38582_at', '33899_at', '40634_at', '0', '1', '2', '0_rbf', '1_rbf', '2_rbf', 3, 4, 5, 6, 7, 8, 9, 10, 11, 12, 13, 14, 15, 16, 17, 18, 19, 20, 21, 22, 23, 24, 25, 26, 27, 28, 29, 30, 31, 32, 33, 34, 35, 36, 37, 38, 39, 40, 41, 42, 43, 44, 45, 46, 47, 48, 49, 50, 51, 52, 53, 54, 55, 56, 57, 58, 59, 60, 61, 62, 63, 64, 65, 66, 67, 68, 69, 70, 71, 72, 73, 74, 75, 76, 77, 78, 79, 80, 81, 82, 83, 84, 85, 86, 87, 88, 89, 90, 91, 92, 93, 94, 95, 96, 97, 98, 99, 100, 101, 102, 103, 104, 105, 106, 107, 108, 109, 110, 111, 112, 113]",[0.28727798 0.47458718 1.0564267  ... 0.13286632 1.48265245 0.71358491],Aug_f_classif,4,0.0813888655975461,bioconductor_ALL,128,12625,StratifiedKFold n_splits = 10
MCC,-0.05773502691896257,0.00027026312814636545,LogisticRegression,3,"['38582_at', '33899_at', '40634_at', '0', '1', '2', '0_rbf', '1_rbf', '2_rbf', 3, 4, 5, 6, 7, 8, 9, 10, 11, 12, 13, 14, 15, 16, 17, 18, 19, 20, 21, 22, 23, 24, 25, 26, 27, 28, 29, 30, 31, 32, 33, 34, 35, 36, 37, 38, 39, 40, 41, 42, 43, 44, 45, 46, 47, 48, 49, 50, 51, 52, 53, 54, 55, 56, 57, 58, 59, 60, 61, 62, 63, 64, 65, 66, 67, 68, 69, 70, 71, 72, 73, 74, 75, 76, 77, 78, 79, 80, 81, 82, 83, 84, 85, 86, 87, 88, 89, 90, 91, 92, 93, 94, 95, 96, 97, 98, 99, 100, 101, 102, 103, 104, 105, 106, 107, 108, 109, 110, 111, 112, 113]",[0.28727798 0.47458718 1.0564267  ... 0.13286632 1.48265245 0.71358491],Aug_f_classif,4,0.0813888655975461,bioconductor_ALL,128,12625,StratifiedKFold n_splits = 10
AUC,0.7633136094674556,0.00027026312814636545,LogisticRegression,3,"['38582_at', '33899_at', '40634_at', '0', '1', '2', '0_rbf', '1_rbf', '2_rbf', 3, 4, 5, 6, 7, 8, 9, 10, 11, 12, 13, 14, 15, 16, 17, 18, 19, 20, 21, 22, 23, 24, 25, 26, 27, 28, 29, 30, 31, 32, 33, 34, 35, 36, 37, 38, 39, 40, 41, 42, 43, 44, 45, 46, 47, 48, 49, 50, 51, 52, 53, 54, 55, 56, 57, 58, 59, 60, 61, 62, 63, 64, 65, 66, 67, 68, 69, 70, 71, 72, 73, 74, 75, 76, 77, 78, 79, 80, 81, 82, 83, 84, 85, 86, 87, 88, 89, 90, 91, 92, 93, 94, 95, 96, 97, 98, 99, 100, 101, 102, 103, 104, 105, 106, 107, 108, 109, 110, 111, 112, 113]",[0.28727798 0.47458718 1.0564267  ... 0.13286632 1.48265245 0.71358491],Aug_f_classif,4,0.0813888655975461,bioconductor_ALL,128,12625,StratifiedKFold n_splits = 10
PR-AUC,0.5676825547285906,0.00027026312814636545,LogisticRegression,3,"['38582_at', '33899_at', '40634_at', '0', '1', '2', '0_rbf', '1_rbf', '2_rbf', 3, 4, 5, 6, 7, 8, 9, 10, 11, 12, 13, 14, 15, 16, 17, 18, 19, 20, 21, 22, 23, 24, 25, 26, 27, 28, 29, 30, 31, 32, 33, 34, 35, 36, 37, 38, 39, 40, 41, 42, 43, 44, 45, 46, 47, 48, 49, 50, 51, 52, 53, 54, 55, 56, 57, 58, 59, 60, 61, 62, 63, 64, 65, 66, 67, 68, 69, 70, 71, 72, 73, 74, 75, 76, 77, 78, 79, 80, 81, 82, 83, 84, 85, 86, 87, 88, 89, 90, 91, 92, 93, 94, 95, 96, 97, 98, 99, 100, 101, 102, 103, 104, 105, 106, 107, 108, 109, 110, 111, 112, 113]",[0.28727798 0.47458718 1.0564267  ... 0.13286632 1.48265245 0.71358491],Aug_f_classif,4,0.0813888655975461,bioconductor_ALL,128,12625,StratifiedKFold n_splits = 10
accuracy,0.6153846153846154,0.00029482823820450367,LogisticRegression,3,"['37952_at', '34608_at', '38430_at', '0', '1', '2', '0_rbf', '1_rbf', '2_rbf', 3, 4, 5, 6, 7, 8, 9, 10, 11, 12, 13, 14, 15, 16, 17, 18, 19, 20, 21, 22, 23, 24, 25, 26, 27, 28, 29, 30, 31, 32, 33, 34, 35, 36, 37, 38, 39, 40, 41, 42, 43, 44, 45, 46, 47, 48, 49, 50, 51, 52, 53, 54, 55, 56, 57, 58, 59, 60, 61, 62, 63, 64, 65, 66, 67, 68, 69, 70, 71, 72, 73, 74, 75, 76, 77, 78, 79, 80, 81, 82, 83, 84, 85, 86, 87, 88, 89, 90, 91, 92, 93, 94, 95, 96, 97, 98, 99, 100, 101, 102, 103, 104, 105, 106, 107, 108, 109, 110, 111, 112, 113]",[0.33136575 0.61675403 1.22857442 ... 0.31592306 0.73530494 1.21319956],Aug_f_classif,5,0.08095197100192308,bioconductor_ALL,128,12625,StratifiedKFold n_splits = 10
MCC,0.07308816827558576,0.00029482823820450367,LogisticRegression,3,"['37952_at', '34608_at', '38430_at', '0', '1', '2', '0_rbf', '1_rbf', '2_rbf', 3, 4, 5, 6, 7, 8, 9, 10, 11, 12, 13, 14, 15, 16, 17, 18, 19, 20, 21, 22, 23, 24, 25, 26, 27, 28, 29, 30, 31, 32, 33, 34, 35, 36, 37, 38, 39, 40, 41, 42, 43, 44, 45, 46, 47, 48, 49, 50, 51, 52, 53, 54, 55, 56, 57, 58, 59, 60, 61, 62, 63, 64, 65, 66, 67, 68, 69, 70, 71, 72, 73, 74, 75, 76, 77, 78, 79, 80, 81, 82, 83, 84, 85, 86, 87, 88, 89, 90, 91, 92, 93, 94, 95, 96, 97, 98, 99, 100, 101, 102, 103, 104, 105, 106, 107, 108, 109, 110, 111, 112, 113]",[0.33136575 0.61675403 1.22857442 ... 0.31592306 0.73530494 1.21319956],Aug_f_classif,5,0.08095197100192308,bioconductor_ALL,128,12625,StratifiedKFold n_splits = 10
AUC,0.8550295857988165,0.00029482823820450367,LogisticRegression,3,"['37952_at', '34608_at', '38430_at', '0', '1', '2', '0_rbf', '1_rbf', '2_rbf', 3, 4, 5, 6, 7, 8, 9, 10, 11, 12, 13, 14, 15, 16, 17, 18, 19, 20, 21, 22, 23, 24, 25, 26, 27, 28, 29, 30, 31, 32, 33, 34, 35, 36, 37, 38, 39, 40, 41, 42, 43, 44, 45, 46, 47, 48, 49, 50, 51, 52, 53, 54, 55, 56, 57, 58, 59, 60, 61, 62, 63, 64, 65, 66, 67, 68, 69, 70, 71, 72, 73, 74, 75, 76, 77, 78, 79, 80, 81, 82, 83, 84, 85, 86, 87, 88, 89, 90, 91, 92, 93, 94, 95, 96, 97, 98, 99, 100, 101, 102, 103, 104, 105, 106, 107, 108, 109, 110, 111, 112, 113]",[0.33136575 0.61675403 1.22857442 ... 0.31592306 0.73530494 1.21319956],Aug_f_classif,5,0.08095197100192308,bioconductor_ALL,128,12625,StratifiedKFold n_splits = 10
PR-AUC,0.7288683538683539,0.00029482823820450367,LogisticRegression,3,"['37952_at', '34608_at', '38430_at', '0', '1', '2', '0_rbf', '1_rbf', '2_rbf', 3, 4, 5, 6, 7, 8, 9, 10, 11, 12, 13, 14, 15, 16, 17, 18, 19, 20, 21, 22, 23, 24, 25, 26, 27, 28, 29, 30, 31, 32, 33, 34, 35, 36, 37, 38, 39, 40, 41, 42, 43, 44, 45, 46, 47, 48, 49, 50, 51, 52, 53, 54, 55, 56, 57, 58, 59, 60, 61, 62, 63, 64, 65, 66, 67, 68, 69, 70, 71, 72, 73, 74, 75, 76, 77, 78, 79, 80, 81, 82, 83, 84, 85, 86, 87, 88, 89, 90, 91, 92, 93, 94, 95, 96, 97, 98, 99, 100, 101, 102, 103, 104, 105, 106, 107, 108, 109, 110, 111, 112, 113]",[0.33136575 0.61675403 1.22857442 ... 0.31592306 0.73530494 1.21319956],Aug_f_classif,5,0.08095197100192308,bioconductor_ALL,128,12625,StratifiedKFold n_splits = 10
accuracy,0.3076923076923077,0.00026675455968131075,LogisticRegression,3,"['33001_s_at', '33899_at', '36382_at', '0', '1', '2', '0_rbf', '1_rbf', '2_rbf', 3, 4, 5, 6, 7, 8, 9, 10, 11, 12, 13, 14, 15, 16, 17, 18, 19, 20, 21, 22, 23, 24, 25, 26, 27, 28, 29, 30, 31, 32, 33, 34, 35, 36, 37, 38, 39, 40, 41, 42, 43, 44, 45, 46, 47, 48, 49, 50, 51, 52, 53, 54, 55, 56, 57, 58, 59, 60, 61, 62, 63, 64, 65, 66, 67, 68, 69, 70, 71, 72, 73, 74, 75, 76, 77, 78, 79, 80, 81, 82, 83, 84, 85, 86, 87, 88, 89, 90, 91, 92, 93, 94, 95, 96, 97, 98, 99, 100, 101, 102, 103, 104, 105, 106, 107, 108, 109, 110, 111, 112, 113]",[0.13405412 0.12428885 0.16960067 ... 0.04818629 0.47645177 0.21477089],Aug_f_classif,6,0.08260243944823742,bioconductor_ALL,128,12625,StratifiedKFold n_splits = 10
MCC,-0.3000495990744895,0.00026675455968131075,LogisticRegression,3,"['33001_s_at', '33899_at', '36382_at', '0', '1', '2', '0_rbf', '1_rbf', '2_rbf', 3, 4, 5, 6, 7, 8, 9, 10, 11, 12, 13, 14, 15, 16, 17, 18, 19, 20, 21, 22, 23, 24, 25, 26, 27, 28, 29, 30, 31, 32, 33, 34, 35, 36, 37, 38, 39, 40, 41, 42, 43, 44, 45, 46, 47, 48, 49, 50, 51, 52, 53, 54, 55, 56, 57, 58, 59, 60, 61, 62, 63, 64, 65, 66, 67, 68, 69, 70, 71, 72, 73, 74, 75, 76, 77, 78, 79, 80, 81, 82, 83, 84, 85, 86, 87, 88, 89, 90, 91, 92, 93, 94, 95, 96, 97, 98, 99, 100, 101, 102, 103, 104, 105, 106, 107, 108, 109, 110, 111, 112, 113]",[0.13405412 0.12428885 0.16960067 ... 0.04818629 0.47645177 0.21477089],Aug_f_classif,6,0.08260243944823742,bioconductor_ALL,128,12625,StratifiedKFold n_splits = 10
AUC,0.6183431952662722,0.00026675455968131075,LogisticRegression,3,"['33001_s_at', '33899_at', '36382_at', '0', '1', '2', '0_rbf', '1_rbf', '2_rbf', 3, 4, 5, 6, 7, 8, 9, 10, 11, 12, 13, 14, 15, 16, 17, 18, 19, 20, 21, 22, 23, 24, 25, 26, 27, 28, 29, 30, 31, 32, 33, 34, 35, 36, 37, 38, 39, 40, 41, 42, 43, 44, 45, 46, 47, 48, 49, 50, 51, 52, 53, 54, 55, 56, 57, 58, 59, 60, 61, 62, 63, 64, 65, 66, 67, 68, 69, 70, 71, 72, 73, 74, 75, 76, 77, 78, 79, 80, 81, 82, 83, 84, 85, 86, 87, 88, 89, 90, 91, 92, 93, 94, 95, 96, 97, 98, 99, 100, 101, 102, 103, 104, 105, 106, 107, 108, 109, 110, 111, 112, 113]",[0.13405412 0.12428885 0.16960067 ... 0.04818629 0.47645177 0.21477089],Aug_f_classif,6,0.08260243944823742,bioconductor_ALL,128,12625,StratifiedKFold n_splits = 10
PR-AUC,0.4129492702138363,0.00026675455968131075,LogisticRegression,3,"['33001_s_at', '33899_at', '36382_at', '0', '1', '2', '0_rbf', '1_rbf', '2_rbf', 3, 4, 5, 6, 7, 8, 9, 10, 11, 12, 13, 14, 15, 16, 17, 18, 19, 20, 21, 22, 23, 24, 25, 26, 27, 28, 29, 30, 31, 32, 33, 34, 35, 36, 37, 38, 39, 40, 41, 42, 43, 44, 45, 46, 47, 48, 49, 50, 51, 52, 53, 54, 55, 56, 57, 58, 59, 60, 61, 62, 63, 64, 65, 66, 67, 68, 69, 70, 71, 72, 73, 74, 75, 76, 77, 78, 79, 80, 81, 82, 83, 84, 85, 86, 87, 88, 89, 90, 91, 92, 93, 94, 95, 96, 97, 98, 99, 100, 101, 102, 103, 104, 105, 106, 107, 108, 109, 110, 111, 112, 113]",[0.13405412 0.12428885 0.16960067 ... 0.04818629 0.47645177 0.21477089],Aug_f_classif,6,0.08260243944823742,bioconductor_ALL,128,12625,StratifiedKFold n_splits = 10
accuracy,0.5384615384615384,0.00031249651910512,LogisticRegression,3,"['40189_at', '33925_at', '33348_at', '0', '1', '2', '0_rbf', '1_rbf', '2_rbf', 3, 4, 5, 6, 7, 8, 9, 10, 11, 12, 13, 14, 15, 16, 17, 18, 19, 20, 21, 22, 23, 24, 25, 26, 27, 28, 29, 30, 31, 32, 33, 34, 35, 36, 37, 38, 39, 40, 41, 42, 43, 44, 45, 46, 47, 48, 49, 50, 51, 52, 53, 54, 55, 56, 57, 58, 59, 60, 61, 62, 63, 64, 65, 66, 67, 68, 69, 70, 71, 72, 73, 74, 75, 76, 77, 78, 79, 80, 81, 82, 83, 84, 85, 86, 87, 88, 89, 90, 91, 92, 93, 94, 95, 96, 97, 98, 99, 100, 101, 102, 103, 104, 105, 106, 107, 108, 109, 110, 111, 112, 113]",[0.45272526 0.96073895 1.07225228 ... 0.12331871 0.37666204 0.57242487],Aug_f_classif,7,0.07982851099222898,bioconductor_ALL,128,12625,StratifiedKFold n_splits = 10
MCC,-0.24206145913796354,0.00031249651910512,LogisticRegression,3,"['40189_at', '33925_at', '33348_at', '0', '1', '2', '0_rbf', '1_rbf', '2_rbf', 3, 4, 5, 6, 7, 8, 9, 10, 11, 12, 13, 14, 15, 16, 17, 18, 19, 20, 21, 22, 23, 24, 25, 26, 27, 28, 29, 30, 31, 32, 33, 34, 35, 36, 37, 38, 39, 40, 41, 42, 43, 44, 45, 46, 47, 48, 49, 50, 51, 52, 53, 54, 55, 56, 57, 58, 59, 60, 61, 62, 63, 64, 65, 66, 67, 68, 69, 70, 71, 72, 73, 74, 75, 76, 77, 78, 79, 80, 81, 82, 83, 84, 85, 86, 87, 88, 89, 90, 91, 92, 93, 94, 95, 96, 97, 98, 99, 100, 101, 102, 103, 104, 105, 106, 107, 108, 109, 110, 111, 112, 113]",[0.45272526 0.96073895 1.07225228 ... 0.12331871 0.37666204 0.57242487],Aug_f_classif,7,0.07982851099222898,bioconductor_ALL,128,12625,StratifiedKFold n_splits = 10
AUC,0.7869822485207101,0.00031249651910512,LogisticRegression,3,"['40189_at', '33925_at', '33348_at', '0', '1', '2', '0_rbf', '1_rbf', '2_rbf', 3, 4, 5, 6, 7, 8, 9, 10, 11, 12, 13, 14, 15, 16, 17, 18, 19, 20, 21, 22, 23, 24, 25, 26, 27, 28, 29, 30, 31, 32, 33, 34, 35, 36, 37, 38, 39, 40, 41, 42, 43, 44, 45, 46, 47, 48, 49, 50, 51, 52, 53, 54, 55, 56, 57, 58, 59, 60, 61, 62, 63, 64, 65, 66, 67, 68, 69, 70, 71, 72, 73, 74, 75, 76, 77, 78, 79, 80, 81, 82, 83, 84, 85, 86, 87, 88, 89, 90, 91, 92, 93, 94, 95, 96, 97, 98, 99, 100, 101, 102, 103, 104, 105, 106, 107, 108, 109, 110, 111, 112, 113]",[0.45272526 0.96073895 1.07225228 ... 0.12331871 0.37666204 0.57242487],Aug_f_classif,7,0.07982851099222898,bioconductor_ALL,128,12625,StratifiedKFold n_splits = 10
PR-AUC,0.6851208337756594,0.00031249651910512,LogisticRegression,3,"['40189_at', '33925_at', '33348_at', '0', '1', '2', '0_rbf', '1_rbf', '2_rbf', 3, 4, 5, 6, 7, 8, 9, 10, 11, 12, 13, 14, 15, 16, 17, 18, 19, 20, 21, 22, 23, 24, 25, 26, 27, 28, 29, 30, 31, 32, 33, 34, 35, 36, 37, 38, 39, 40, 41, 42, 43, 44, 45, 46, 47, 48, 49, 50, 51, 52, 53, 54, 55, 56, 57, 58, 59, 60, 61, 62, 63, 64, 65, 66, 67, 68, 69, 70, 71, 72, 73, 74, 75, 76, 77, 78, 79, 80, 81, 82, 83, 84, 85, 86, 87, 88, 89, 90, 91, 92, 93, 94, 95, 96, 97, 98, 99, 100, 101, 102, 103, 104, 105, 106, 107, 108, 109, 110, 111, 112, 113]",[0.45272526 0.96073895 1.07225228 ... 0.12331871 0.37666204 0.57242487],Aug_f_classif,7,0.07982851099222898,bioconductor_ALL,128,12625,StratifiedKFold n_splits = 10
accuracy,0.6153846153846154,0.00026546320076281335,LogisticRegression,3,"['39377_at', '37952_at', '677_s_at', '0', '1', '2', '0_rbf', '1_rbf', '2_rbf', 3, 4, 5, 6, 7, 8, 9, 10, 11, 12, 13, 14, 15, 16, 17, 18, 19, 20, 21, 22, 23, 24, 25, 26, 27, 28, 29, 30, 31, 32, 33, 34, 35, 36, 37, 38, 39, 40, 41, 42, 43, 44, 45, 46, 47, 48, 49, 50, 51, 52, 53, 54, 55, 56, 57, 58, 59, 60, 61, 62, 63, 64, 65, 66, 67, 68, 69, 70, 71, 72, 73, 74, 75, 76, 77, 78, 79, 80, 81, 82, 83, 84, 85, 86, 87, 88, 89, 90, 91, 92, 93, 94, 95, 96, 97, 98, 99, 100, 101, 102, 103, 104, 105, 106, 107, 108, 109, 110, 111, 112, 113]",[0.10859677 0.97094199 0.9337722  ... 0.38378824 0.24641933 0.29068541],Aug_f_classif,8,0.08033432345837355,bioconductor_ALL,128,12625,StratifiedKFold n_splits = 10
MCC,0.08838834764831845,0.00026546320076281335,LogisticRegression,3,"['39377_at', '37952_at', '677_s_at', '0', '1', '2', '0_rbf', '1_rbf', '2_rbf', 3, 4, 5, 6, 7, 8, 9, 10, 11, 12, 13, 14, 15, 16, 17, 18, 19, 20, 21, 22, 23, 24, 25, 26, 27, 28, 29, 30, 31, 32, 33, 34, 35, 36, 37, 38, 39, 40, 41, 42, 43, 44, 45, 46, 47, 48, 49, 50, 51, 52, 53, 54, 55, 56, 57, 58, 59, 60, 61, 62, 63, 64, 65, 66, 67, 68, 69, 70, 71, 72, 73, 74, 75, 76, 77, 78, 79, 80, 81, 82, 83, 84, 85, 86, 87, 88, 89, 90, 91, 92, 93, 94, 95, 96, 97, 98, 99, 100, 101, 102, 103, 104, 105, 106, 107, 108, 109, 110, 111, 112, 113]",[0.10859677 0.97094199 0.9337722  ... 0.38378824 0.24641933 0.29068541],Aug_f_classif,8,0.08033432345837355,bioconductor_ALL,128,12625,StratifiedKFold n_splits = 10
AUC,0.7692307692307692,0.00026546320076281335,LogisticRegression,3,"['39377_at', '37952_at', '677_s_at', '0', '1', '2', '0_rbf', '1_rbf', '2_rbf', 3, 4, 5, 6, 7, 8, 9, 10, 11, 12, 13, 14, 15, 16, 17, 18, 19, 20, 21, 22, 23, 24, 25, 26, 27, 28, 29, 30, 31, 32, 33, 34, 35, 36, 37, 38, 39, 40, 41, 42, 43, 44, 45, 46, 47, 48, 49, 50, 51, 52, 53, 54, 55, 56, 57, 58, 59, 60, 61, 62, 63, 64, 65, 66, 67, 68, 69, 70, 71, 72, 73, 74, 75, 76, 77, 78, 79, 80, 81, 82, 83, 84, 85, 86, 87, 88, 89, 90, 91, 92, 93, 94, 95, 96, 97, 98, 99, 100, 101, 102, 103, 104, 105, 106, 107, 108, 109, 110, 111, 112, 113]",[0.10859677 0.97094199 0.9337722  ... 0.38378824 0.24641933 0.29068541],Aug_f_classif,8,0.08033432345837355,bioconductor_ALL,128,12625,StratifiedKFold n_splits = 10
PR-AUC,0.625070427235539,0.00026546320076281335,LogisticRegression,3,"['39377_at', '37952_at', '677_s_at', '0', '1', '2', '0_rbf', '1_rbf', '2_rbf', 3, 4, 5, 6, 7, 8, 9, 10, 11, 12, 13, 14, 15, 16, 17, 18, 19, 20, 21, 22, 23, 24, 25, 26, 27, 28, 29, 30, 31, 32, 33, 34, 35, 36, 37, 38, 39, 40, 41, 42, 43, 44, 45, 46, 47, 48, 49, 50, 51, 52, 53, 54, 55, 56, 57, 58, 59, 60, 61, 62, 63, 64, 65, 66, 67, 68, 69, 70, 71, 72, 73, 74, 75, 76, 77, 78, 79, 80, 81, 82, 83, 84, 85, 86, 87, 88, 89, 90, 91, 92, 93, 94, 95, 96, 97, 98, 99, 100, 101, 102, 103, 104, 105, 106, 107, 108, 109, 110, 111, 112, 113]",[0.10859677 0.97094199 0.9337722  ... 0.38378824 0.24641933 0.29068541],Aug_f_classif,8,0.08033432345837355,bioconductor_ALL,128,12625,StratifiedKFold n_splits = 10
accuracy,0.3333333333333333,0.0002480771208366195,LogisticRegression,3,"['41247_at', '38907_at', '36780_at', '0', '1', '2', '0_rbf', '1_rbf', '2_rbf', 3, 4, 5, 6, 7, 8, 9, 10, 11, 12, 13, 14, 15, 16, 17, 18, 19, 20, 21, 22, 23, 24, 25, 26, 27, 28, 29, 30, 31, 32, 33, 34, 35, 36, 37, 38, 39, 40, 41, 42, 43, 44, 45, 46, 47, 48, 49, 50, 51, 52, 53, 54, 55, 56, 57, 58, 59, 60, 61, 62, 63, 64, 65, 66, 67, 68, 69, 70, 71, 72, 73, 74, 75, 76, 77, 78, 79, 80, 81, 82, 83, 84, 85, 86, 87, 88, 89, 90, 91, 92, 93, 94, 95, 96, 97, 98, 99, 100, 101, 102, 103, 104, 105, 106, 107, 108, 109, 110, 111, 112, 113, 114]",[0.3860441  2.04129026 1.25877797 ... 0.25800355 0.11455141 0.41860751],Aug_f_classif,9,0.07855089753866196,bioconductor_ALL,128,12625,StratifiedKFold n_splits = 10
MCC,-0.4472135954999579,0.0002480771208366195,LogisticRegression,3,"['41247_at', '38907_at', '36780_at', '0', '1', '2', '0_rbf', '1_rbf', '2_rbf', 3, 4, 5, 6, 7, 8, 9, 10, 11, 12, 13, 14, 15, 16, 17, 18, 19, 20, 21, 22, 23, 24, 25, 26, 27, 28, 29, 30, 31, 32, 33, 34, 35, 36, 37, 38, 39, 40, 41, 42, 43, 44, 45, 46, 47, 48, 49, 50, 51, 52, 53, 54, 55, 56, 57, 58, 59, 60, 61, 62, 63, 64, 65, 66, 67, 68, 69, 70, 71, 72, 73, 74, 75, 76, 77, 78, 79, 80, 81, 82, 83, 84, 85, 86, 87, 88, 89, 90, 91, 92, 93, 94, 95, 96, 97, 98, 99, 100, 101, 102, 103, 104, 105, 106, 107, 108, 109, 110, 111, 112, 113, 114]",[0.3860441  2.04129026 1.25877797 ... 0.25800355 0.11455141 0.41860751],Aug_f_classif,9,0.07855089753866196,bioconductor_ALL,128,12625,StratifiedKFold n_splits = 10
AUC,0.6805555555555556,0.0002480771208366195,LogisticRegression,3,"['41247_at', '38907_at', '36780_at', '0', '1', '2', '0_rbf', '1_rbf', '2_rbf', 3, 4, 5, 6, 7, 8, 9, 10, 11, 12, 13, 14, 15, 16, 17, 18, 19, 20, 21, 22, 23, 24, 25, 26, 27, 28, 29, 30, 31, 32, 33, 34, 35, 36, 37, 38, 39, 40, 41, 42, 43, 44, 45, 46, 47, 48, 49, 50, 51, 52, 53, 54, 55, 56, 57, 58, 59, 60, 61, 62, 63, 64, 65, 66, 67, 68, 69, 70, 71, 72, 73, 74, 75, 76, 77, 78, 79, 80, 81, 82, 83, 84, 85, 86, 87, 88, 89, 90, 91, 92, 93, 94, 95, 96, 97, 98, 99, 100, 101, 102, 103, 104, 105, 106, 107, 108, 109, 110, 111, 112, 113, 114]",[0.3860441  2.04129026 1.25877797 ... 0.25800355 0.11455141 0.41860751],Aug_f_classif,9,0.07855089753866196,bioconductor_ALL,128,12625,StratifiedKFold n_splits = 10
PR-AUC,0.4829883487971723,0.0002480771208366195,LogisticRegression,3,"['41247_at', '38907_at', '36780_at', '0', '1', '2', '0_rbf', '1_rbf', '2_rbf', 3, 4, 5, 6, 7, 8, 9, 10, 11, 12, 13, 14, 15, 16, 17, 18, 19, 20, 21, 22, 23, 24, 25, 26, 27, 28, 29, 30, 31, 32, 33, 34, 35, 36, 37, 38, 39, 40, 41, 42, 43, 44, 45, 46, 47, 48, 49, 50, 51, 52, 53, 54, 55, 56, 57, 58, 59, 60, 61, 62, 63, 64, 65, 66, 67, 68, 69, 70, 71, 72, 73, 74, 75, 76, 77, 78, 79, 80, 81, 82, 83, 84, 85, 86, 87, 88, 89, 90, 91, 92, 93, 94, 95, 96, 97, 98, 99, 100, 101, 102, 103, 104, 105, 106, 107, 108, 109, 110, 111, 112, 113, 114]",[0.3860441  2.04129026 1.25877797 ... 0.25800355 0.11455141 0.41860751],Aug_f_classif,9,0.07855089753866196,bioconductor_ALL,128,12625,StratifiedKFold n_splits = 10
accuracy,0.25,0.00028481361398220934,LogisticRegression,3,"['36780_at', '38433_at', '33925_at', '0', '1', '2', '0_rbf', '1_rbf', '2_rbf', 3, 4, 5, 6, 7, 8, 9, 10, 11, 12, 13, 14, 15, 16, 17, 18, 19, 20, 21, 22, 23, 24, 25, 26, 27, 28, 29, 30, 31, 32, 33, 34, 35, 36, 37, 38, 39, 40, 41, 42, 43, 44, 45, 46, 47, 48, 49, 50, 51, 52, 53, 54, 55, 56, 57, 58, 59, 60, 61, 62, 63, 64, 65, 66, 67, 68, 69, 70, 71, 72, 73, 74, 75, 76, 77, 78, 79, 80, 81, 82, 83, 84, 85, 86, 87, 88, 89, 90, 91, 92, 93, 94, 95, 96, 97, 98, 99, 100, 101, 102, 103, 104, 105, 106, 107, 108, 109, 110, 111, 112, 113, 114]",[0.54596231 1.8569523  1.56900779 ... 0.11815537 0.1091036  0.42483098],Aug_f_classif,10,0.07961591891944408,bioconductor_ALL,128,12625,StratifiedKFold n_splits = 10
MCC,-0.4,0.00028481361398220934,LogisticRegression,3,"['36780_at', '38433_at', '33925_at', '0', '1', '2', '0_rbf', '1_rbf', '2_rbf', 3, 4, 5, 6, 7, 8, 9, 10, 11, 12, 13, 14, 15, 16, 17, 18, 19, 20, 21, 22, 23, 24, 25, 26, 27, 28, 29, 30, 31, 32, 33, 34, 35, 36, 37, 38, 39, 40, 41, 42, 43, 44, 45, 46, 47, 48, 49, 50, 51, 52, 53, 54, 55, 56, 57, 58, 59, 60, 61, 62, 63, 64, 65, 66, 67, 68, 69, 70, 71, 72, 73, 74, 75, 76, 77, 78, 79, 80, 81, 82, 83, 84, 85, 86, 87, 88, 89, 90, 91, 92, 93, 94, 95, 96, 97, 98, 99, 100, 101, 102, 103, 104, 105, 106, 107, 108, 109, 110, 111, 112, 113, 114]",[0.54596231 1.8569523  1.56900779 ... 0.11815537 0.1091036  0.42483098],Aug_f_classif,10,0.07961591891944408,bioconductor_ALL,128,12625,StratifiedKFold n_splits = 10
AUC,0.6284722222222222,0.00028481361398220934,LogisticRegression,3,"['36780_at', '38433_at', '33925_at', '0', '1', '2', '0_rbf', '1_rbf', '2_rbf', 3, 4, 5, 6, 7, 8, 9, 10, 11, 12, 13, 14, 15, 16, 17, 18, 19, 20, 21, 22, 23, 24, 25, 26, 27, 28, 29, 30, 31, 32, 33, 34, 35, 36, 37, 38, 39, 40, 41, 42, 43, 44, 45, 46, 47, 48, 49, 50, 51, 52, 53, 54, 55, 56, 57, 58, 59, 60, 61, 62, 63, 64, 65, 66, 67, 68, 69, 70, 71, 72, 73, 74, 75, 76, 77, 78, 79, 80, 81, 82, 83, 84, 85, 86, 87, 88, 89, 90, 91, 92, 93, 94, 95, 96, 97, 98, 99, 100, 101, 102, 103, 104, 105, 106, 107, 108, 109, 110, 111, 112, 113, 114]",[0.54596231 1.8569523  1.56900779 ... 0.11815537 0.1091036  0.42483098],Aug_f_classif,10,0.07961591891944408,bioconductor_ALL,128,12625,StratifiedKFold n_splits = 10
PR-AUC,0.4106244658770234,0.00028481361398220934,LogisticRegression,3,"['36780_at', '38433_at', '33925_at', '0', '1', '2', '0_rbf', '1_rbf', '2_rbf', 3, 4, 5, 6, 7, 8, 9, 10, 11, 12, 13, 14, 15, 16, 17, 18, 19, 20, 21, 22, 23, 24, 25, 26, 27, 28, 29, 30, 31, 32, 33, 34, 35, 36, 37, 38, 39, 40, 41, 42, 43, 44, 45, 46, 47, 48, 49, 50, 51, 52, 53, 54, 55, 56, 57, 58, 59, 60, 61, 62, 63, 64, 65, 66, 67, 68, 69, 70, 71, 72, 73, 74, 75, 76, 77, 78, 79, 80, 81, 82, 83, 84, 85, 86, 87, 88, 89, 90, 91, 92, 93, 94, 95, 96, 97, 98, 99, 100, 101, 102, 103, 104, 105, 106, 107, 108, 109, 110, 111, 112, 113, 114]",[0.54596231 1.8569523  1.56900779 ... 0.11815537 0.1091036  0.42483098],Aug_f_classif,10,0.07961591891944408,bioconductor_ALL,128,12625,StratifiedKFold n_splits = 10
