accuracy,1.0,0.000727636043144309,LogisticRegression,100,"['8053', '48', '351', '3066', '1901', '10591', '8108', '11244', '10262', '9845', '7835', '7251', '9417', '3439', '7413', '5678', '3221', '1151', '3127', '8171', '716', '8590', '1800', '10806', '8128', '10578', '9461', '712', '9808', '755', '10864', '9929', '9916', '1015', '7375', '2584', '8464', '6653', '9873', '10298', '6334', '11508', '7549', '7072', '10603', '3844', '7081', '7610', '7883', '10331', '9194', '7099', '11852', '7105', '540', '1613', '329', '9822', '6859', '3005', '7109', '5210', '6564', '8916', '11228', '6713', '9460', '2564', '3733', '6598', '6065', '9078', '7672', '9513', '147', '6706', '871', '9722', '3388', '3392', '270', '2897', '6938', '4402', '6701', '154', '6030', '713', '4249', '7432', '11175', '3484', '8301', '11569', '7293', '7', '6007', '2635', '7650', '11555', '0', '1', '2', '3', '4', '0_rbf', '1_rbf', '2_rbf', '3_rbf', '4_rbf']","[ 9.04904823  9.07246545  9.09725112  9.10764953  9.12933064  9.14728832
  9.16373462  9.19849379  9.49530214  9.48387173  9.50969654  9.50254142
  9.51865539  9.20230677  9.58081363  9.25011934  9.45986786  9.16993749
  9.63700556  9.27379538  9.50272974  9.33599451  9.17849976  9.49869116
  9.64479342  9.75416737  9.67582297  9.66670434  9.6739961   9.78546381
 12.23273715 12.78436455 12.83265226 11.35912776 12.43163421 11.23992604
 12.11719263 14.72544911 10.46877357 22.20694984 17.86729651 12.68693299
 10.53959614 12.69782867 16.8615317  10.42146128 12.77203659 12.25214204
 10.95208625 10.49507131 13.20342459 10.20178226 10.57401908  9.90284028
 10.00186636 10.74622979 12.05634483 11.83328709  9.9167604  13.67070863
 11.2394912  12.94947681 13.85385295 10.43012383 10.29063962 10.23321434
 10.72012699 12.96195631 10.42399731 11.46970776 10.81310526 15.7695648
 10.70680978 11.71885639 13.58449072 10.19306044 10.09924386 16.85269505
 11.08075513 11.80440811 13.75471104 10.28526565 11.33587394 13.31981229
 18.57379398 12.89098389  9.80997348 11.72933549 14.57324218 10.42893856
 10.22095642 10.11636076 13.4628228  11.14141472 11.82374454 10.8193262
 10.01922561 11.79266291 12.26407307 10.06865363]",Aug_f_classif,1,0.05022963508963585,datamicroarray_chiaretti,128,12625,StratifiedKFold n_splits = 10
MCC,1.0,0.000727636043144309,LogisticRegression,100,"['8053', '48', '351', '3066', '1901', '10591', '8108', '11244', '10262', '9845', '7835', '7251', '9417', '3439', '7413', '5678', '3221', '1151', '3127', '8171', '716', '8590', '1800', '10806', '8128', '10578', '9461', '712', '9808', '755', '10864', '9929', '9916', '1015', '7375', '2584', '8464', '6653', '9873', '10298', '6334', '11508', '7549', '7072', '10603', '3844', '7081', '7610', '7883', '10331', '9194', '7099', '11852', '7105', '540', '1613', '329', '9822', '6859', '3005', '7109', '5210', '6564', '8916', '11228', '6713', '9460', '2564', '3733', '6598', '6065', '9078', '7672', '9513', '147', '6706', '871', '9722', '3388', '3392', '270', '2897', '6938', '4402', '6701', '154', '6030', '713', '4249', '7432', '11175', '3484', '8301', '11569', '7293', '7', '6007', '2635', '7650', '11555', '0', '1', '2', '3', '4', '0_rbf', '1_rbf', '2_rbf', '3_rbf', '4_rbf']","[ 9.04904823  9.07246545  9.09725112  9.10764953  9.12933064  9.14728832
  9.16373462  9.19849379  9.49530214  9.48387173  9.50969654  9.50254142
  9.51865539  9.20230677  9.58081363  9.25011934  9.45986786  9.16993749
  9.63700556  9.27379538  9.50272974  9.33599451  9.17849976  9.49869116
  9.64479342  9.75416737  9.67582297  9.66670434  9.6739961   9.78546381
 12.23273715 12.78436455 12.83265226 11.35912776 12.43163421 11.23992604
 12.11719263 14.72544911 10.46877357 22.20694984 17.86729651 12.68693299
 10.53959614 12.69782867 16.8615317  10.42146128 12.77203659 12.25214204
 10.95208625 10.49507131 13.20342459 10.20178226 10.57401908  9.90284028
 10.00186636 10.74622979 12.05634483 11.83328709  9.9167604  13.67070863
 11.2394912  12.94947681 13.85385295 10.43012383 10.29063962 10.23321434
 10.72012699 12.96195631 10.42399731 11.46970776 10.81310526 15.7695648
 10.70680978 11.71885639 13.58449072 10.19306044 10.09924386 16.85269505
 11.08075513 11.80440811 13.75471104 10.28526565 11.33587394 13.31981229
 18.57379398 12.89098389  9.80997348 11.72933549 14.57324218 10.42893856
 10.22095642 10.11636076 13.4628228  11.14141472 11.82374454 10.8193262
 10.01922561 11.79266291 12.26407307 10.06865363]",Aug_f_classif,1,0.05022963508963585,datamicroarray_chiaretti,128,12625,StratifiedKFold n_splits = 10
AUC,1.0,0.000727636043144309,LogisticRegression,100,"['8053', '48', '351', '3066', '1901', '10591', '8108', '11244', '10262', '9845', '7835', '7251', '9417', '3439', '7413', '5678', '3221', '1151', '3127', '8171', '716', '8590', '1800', '10806', '8128', '10578', '9461', '712', '9808', '755', '10864', '9929', '9916', '1015', '7375', '2584', '8464', '6653', '9873', '10298', '6334', '11508', '7549', '7072', '10603', '3844', '7081', '7610', '7883', '10331', '9194', '7099', '11852', '7105', '540', '1613', '329', '9822', '6859', '3005', '7109', '5210', '6564', '8916', '11228', '6713', '9460', '2564', '3733', '6598', '6065', '9078', '7672', '9513', '147', '6706', '871', '9722', '3388', '3392', '270', '2897', '6938', '4402', '6701', '154', '6030', '713', '4249', '7432', '11175', '3484', '8301', '11569', '7293', '7', '6007', '2635', '7650', '11555', '0', '1', '2', '3', '4', '0_rbf', '1_rbf', '2_rbf', '3_rbf', '4_rbf']","[ 9.04904823  9.07246545  9.09725112  9.10764953  9.12933064  9.14728832
  9.16373462  9.19849379  9.49530214  9.48387173  9.50969654  9.50254142
  9.51865539  9.20230677  9.58081363  9.25011934  9.45986786  9.16993749
  9.63700556  9.27379538  9.50272974  9.33599451  9.17849976  9.49869116
  9.64479342  9.75416737  9.67582297  9.66670434  9.6739961   9.78546381
 12.23273715 12.78436455 12.83265226 11.35912776 12.43163421 11.23992604
 12.11719263 14.72544911 10.46877357 22.20694984 17.86729651 12.68693299
 10.53959614 12.69782867 16.8615317  10.42146128 12.77203659 12.25214204
 10.95208625 10.49507131 13.20342459 10.20178226 10.57401908  9.90284028
 10.00186636 10.74622979 12.05634483 11.83328709  9.9167604  13.67070863
 11.2394912  12.94947681 13.85385295 10.43012383 10.29063962 10.23321434
 10.72012699 12.96195631 10.42399731 11.46970776 10.81310526 15.7695648
 10.70680978 11.71885639 13.58449072 10.19306044 10.09924386 16.85269505
 11.08075513 11.80440811 13.75471104 10.28526565 11.33587394 13.31981229
 18.57379398 12.89098389  9.80997348 11.72933549 14.57324218 10.42893856
 10.22095642 10.11636076 13.4628228  11.14141472 11.82374454 10.8193262
 10.01922561 11.79266291 12.26407307 10.06865363]",Aug_f_classif,1,0.05022963508963585,datamicroarray_chiaretti,128,12625,StratifiedKFold n_splits = 10
PR-AUC,0.9999999999999998,0.000727636043144309,LogisticRegression,100,"['8053', '48', '351', '3066', '1901', '10591', '8108', '11244', '10262', '9845', '7835', '7251', '9417', '3439', '7413', '5678', '3221', '1151', '3127', '8171', '716', '8590', '1800', '10806', '8128', '10578', '9461', '712', '9808', '755', '10864', '9929', '9916', '1015', '7375', '2584', '8464', '6653', '9873', '10298', '6334', '11508', '7549', '7072', '10603', '3844', '7081', '7610', '7883', '10331', '9194', '7099', '11852', '7105', '540', '1613', '329', '9822', '6859', '3005', '7109', '5210', '6564', '8916', '11228', '6713', '9460', '2564', '3733', '6598', '6065', '9078', '7672', '9513', '147', '6706', '871', '9722', '3388', '3392', '270', '2897', '6938', '4402', '6701', '154', '6030', '713', '4249', '7432', '11175', '3484', '8301', '11569', '7293', '7', '6007', '2635', '7650', '11555', '0', '1', '2', '3', '4', '0_rbf', '1_rbf', '2_rbf', '3_rbf', '4_rbf']","[ 9.04904823  9.07246545  9.09725112  9.10764953  9.12933064  9.14728832
  9.16373462  9.19849379  9.49530214  9.48387173  9.50969654  9.50254142
  9.51865539  9.20230677  9.58081363  9.25011934  9.45986786  9.16993749
  9.63700556  9.27379538  9.50272974  9.33599451  9.17849976  9.49869116
  9.64479342  9.75416737  9.67582297  9.66670434  9.6739961   9.78546381
 12.23273715 12.78436455 12.83265226 11.35912776 12.43163421 11.23992604
 12.11719263 14.72544911 10.46877357 22.20694984 17.86729651 12.68693299
 10.53959614 12.69782867 16.8615317  10.42146128 12.77203659 12.25214204
 10.95208625 10.49507131 13.20342459 10.20178226 10.57401908  9.90284028
 10.00186636 10.74622979 12.05634483 11.83328709  9.9167604  13.67070863
 11.2394912  12.94947681 13.85385295 10.43012383 10.29063962 10.23321434
 10.72012699 12.96195631 10.42399731 11.46970776 10.81310526 15.7695648
 10.70680978 11.71885639 13.58449072 10.19306044 10.09924386 16.85269505
 11.08075513 11.80440811 13.75471104 10.28526565 11.33587394 13.31981229
 18.57379398 12.89098389  9.80997348 11.72933549 14.57324218 10.42893856
 10.22095642 10.11636076 13.4628228  11.14141472 11.82374454 10.8193262
 10.01922561 11.79266291 12.26407307 10.06865363]",Aug_f_classif,1,0.05022963508963585,datamicroarray_chiaretti,128,12625,StratifiedKFold n_splits = 10
accuracy,0.8461538461538461,0.0007207230057405388,LogisticRegression,100,"['10113', '8916', '6065', '7682', '10182', '7105', '11853', '7835', '5768', '11244', '4742', '10291', '11372', '10331', '7072', '3439', '9460', '5210', '11852', '147', '7081', '9722', '7293', '3415', '3392', '8108', '8590', '10262', '3388', '10298', '11569', '6713', '154', '6706', '11555', '8056', '329', '8053', '6701', '3733', '1151', '7650', '6007', '3127', '3005', '8464', '11363', '7610', '10578', '10591', '10603', '2897', '3844', '270', '7672', '6334', '7109', '712', '713', '6938', '4829', '7432', '755', '10792', '42', '4249', '7375', '7883', '5968', '9078', '2635', '1015', '9808', '6653', '9194', '10864', '11298', '2584', '2564', '5678', '9929', '9916', '9822', '8301', '8460', '9873', '11508', '7251', '11228', '11056', '4402', '6564', '2134', '7483', '6598', '7', '11175', '4416', '9513', '9845', '0', '1', '2', '3', '4', '0_rbf', '1_rbf', '2_rbf', '3_rbf', '4_rbf']","[ 8.88362504  8.88464899  8.93825469  8.94461019  8.97145171  8.99062503
  8.95050312  9.00478622  9.09939426  9.05394497  9.15202536  9.15176492
  9.02187577  9.16199061 12.24780355 10.12748061  9.78771362 11.19914178
  9.6937162  12.26414895 13.56641167 16.84512571  9.86814487  9.62251137
 10.97700185 10.60781439  9.60633654  9.16489465 10.19476439 20.73370946
 10.91171739  9.51487097 10.55980458 10.11286159  9.25166918 10.18619606
 10.89589154  9.66133429 18.16033377 11.41876262  9.66254131 11.78517068
  9.63027236  9.72319692 13.48227214 11.86783266 10.29045208 11.34704814
 10.42542239  9.97183942 16.66587983  9.63223563  9.94739313 12.2444508
 10.76433435 15.84204735 11.09098539 11.32768459 13.62910394 10.85136273
  9.42625742 10.04858618 11.53940708 10.26370688  9.42109539 12.99503964
 12.98272034  9.87061733  9.6178838  15.89158075  9.45441097 10.74714879
  9.20734765 15.47734561 10.10215381 12.67811949  9.17128015 10.64622727
 13.63444266  9.73692103 12.32320283 13.06132837 13.59229407 11.85912629
  9.57532816  9.20661471 11.02701322  9.86287132 12.66573947  9.4911258
 11.70266173 10.79160483  9.59233126  9.19880946 11.94894842 12.18262562
  9.17025966  9.7483081  10.3203806   9.40513303]",Aug_f_classif,2,0.05283456668257713,datamicroarray_chiaretti,128,12625,StratifiedKFold n_splits = 10
MCC,0.745519225312671,0.0007207230057405388,LogisticRegression,100,"['10113', '8916', '6065', '7682', '10182', '7105', '11853', '7835', '5768', '11244', '4742', '10291', '11372', '10331', '7072', '3439', '9460', '5210', '11852', '147', '7081', '9722', '7293', '3415', '3392', '8108', '8590', '10262', '3388', '10298', '11569', '6713', '154', '6706', '11555', '8056', '329', '8053', '6701', '3733', '1151', '7650', '6007', '3127', '3005', '8464', '11363', '7610', '10578', '10591', '10603', '2897', '3844', '270', '7672', '6334', '7109', '712', '713', '6938', '4829', '7432', '755', '10792', '42', '4249', '7375', '7883', '5968', '9078', '2635', '1015', '9808', '6653', '9194', '10864', '11298', '2584', '2564', '5678', '9929', '9916', '9822', '8301', '8460', '9873', '11508', '7251', '11228', '11056', '4402', '6564', '2134', '7483', '6598', '7', '11175', '4416', '9513', '9845', '0', '1', '2', '3', '4', '0_rbf', '1_rbf', '2_rbf', '3_rbf', '4_rbf']","[ 8.88362504  8.88464899  8.93825469  8.94461019  8.97145171  8.99062503
  8.95050312  9.00478622  9.09939426  9.05394497  9.15202536  9.15176492
  9.02187577  9.16199061 12.24780355 10.12748061  9.78771362 11.19914178
  9.6937162  12.26414895 13.56641167 16.84512571  9.86814487  9.62251137
 10.97700185 10.60781439  9.60633654  9.16489465 10.19476439 20.73370946
 10.91171739  9.51487097 10.55980458 10.11286159  9.25166918 10.18619606
 10.89589154  9.66133429 18.16033377 11.41876262  9.66254131 11.78517068
  9.63027236  9.72319692 13.48227214 11.86783266 10.29045208 11.34704814
 10.42542239  9.97183942 16.66587983  9.63223563  9.94739313 12.2444508
 10.76433435 15.84204735 11.09098539 11.32768459 13.62910394 10.85136273
  9.42625742 10.04858618 11.53940708 10.26370688  9.42109539 12.99503964
 12.98272034  9.87061733  9.6178838  15.89158075  9.45441097 10.74714879
  9.20734765 15.47734561 10.10215381 12.67811949  9.17128015 10.64622727
 13.63444266  9.73692103 12.32320283 13.06132837 13.59229407 11.85912629
  9.57532816  9.20661471 11.02701322  9.86287132 12.66573947  9.4911258
 11.70266173 10.79160483  9.59233126  9.19880946 11.94894842 12.18262562
  9.17025966  9.7483081  10.3203806   9.40513303]",Aug_f_classif,2,0.05283456668257713,datamicroarray_chiaretti,128,12625,StratifiedKFold n_splits = 10
AUC,0.9928994082840236,0.0007207230057405388,LogisticRegression,100,"['10113', '8916', '6065', '7682', '10182', '7105', '11853', '7835', '5768', '11244', '4742', '10291', '11372', '10331', '7072', '3439', '9460', '5210', '11852', '147', '7081', '9722', '7293', '3415', '3392', '8108', '8590', '10262', '3388', '10298', '11569', '6713', '154', '6706', '11555', '8056', '329', '8053', '6701', '3733', '1151', '7650', '6007', '3127', '3005', '8464', '11363', '7610', '10578', '10591', '10603', '2897', '3844', '270', '7672', '6334', '7109', '712', '713', '6938', '4829', '7432', '755', '10792', '42', '4249', '7375', '7883', '5968', '9078', '2635', '1015', '9808', '6653', '9194', '10864', '11298', '2584', '2564', '5678', '9929', '9916', '9822', '8301', '8460', '9873', '11508', '7251', '11228', '11056', '4402', '6564', '2134', '7483', '6598', '7', '11175', '4416', '9513', '9845', '0', '1', '2', '3', '4', '0_rbf', '1_rbf', '2_rbf', '3_rbf', '4_rbf']","[ 8.88362504  8.88464899  8.93825469  8.94461019  8.97145171  8.99062503
  8.95050312  9.00478622  9.09939426  9.05394497  9.15202536  9.15176492
  9.02187577  9.16199061 12.24780355 10.12748061  9.78771362 11.19914178
  9.6937162  12.26414895 13.56641167 16.84512571  9.86814487  9.62251137
 10.97700185 10.60781439  9.60633654  9.16489465 10.19476439 20.73370946
 10.91171739  9.51487097 10.55980458 10.11286159  9.25166918 10.18619606
 10.89589154  9.66133429 18.16033377 11.41876262  9.66254131 11.78517068
  9.63027236  9.72319692 13.48227214 11.86783266 10.29045208 11.34704814
 10.42542239  9.97183942 16.66587983  9.63223563  9.94739313 12.2444508
 10.76433435 15.84204735 11.09098539 11.32768459 13.62910394 10.85136273
  9.42625742 10.04858618 11.53940708 10.26370688  9.42109539 12.99503964
 12.98272034  9.87061733  9.6178838  15.89158075  9.45441097 10.74714879
  9.20734765 15.47734561 10.10215381 12.67811949  9.17128015 10.64622727
 13.63444266  9.73692103 12.32320283 13.06132837 13.59229407 11.85912629
  9.57532816  9.20661471 11.02701322  9.86287132 12.66573947  9.4911258
 11.70266173 10.79160483  9.59233126  9.19880946 11.94894842 12.18262562
  9.17025966  9.7483081  10.3203806   9.40513303]",Aug_f_classif,2,0.05283456668257713,datamicroarray_chiaretti,128,12625,StratifiedKFold n_splits = 10
PR-AUC,0.9681776556776557,0.0007207230057405388,LogisticRegression,100,"['10113', '8916', '6065', '7682', '10182', '7105', '11853', '7835', '5768', '11244', '4742', '10291', '11372', '10331', '7072', '3439', '9460', '5210', '11852', '147', '7081', '9722', '7293', '3415', '3392', '8108', '8590', '10262', '3388', '10298', '11569', '6713', '154', '6706', '11555', '8056', '329', '8053', '6701', '3733', '1151', '7650', '6007', '3127', '3005', '8464', '11363', '7610', '10578', '10591', '10603', '2897', '3844', '270', '7672', '6334', '7109', '712', '713', '6938', '4829', '7432', '755', '10792', '42', '4249', '7375', '7883', '5968', '9078', '2635', '1015', '9808', '6653', '9194', '10864', '11298', '2584', '2564', '5678', '9929', '9916', '9822', '8301', '8460', '9873', '11508', '7251', '11228', '11056', '4402', '6564', '2134', '7483', '6598', '7', '11175', '4416', '9513', '9845', '0', '1', '2', '3', '4', '0_rbf', '1_rbf', '2_rbf', '3_rbf', '4_rbf']","[ 8.88362504  8.88464899  8.93825469  8.94461019  8.97145171  8.99062503
  8.95050312  9.00478622  9.09939426  9.05394497  9.15202536  9.15176492
  9.02187577  9.16199061 12.24780355 10.12748061  9.78771362 11.19914178
  9.6937162  12.26414895 13.56641167 16.84512571  9.86814487  9.62251137
 10.97700185 10.60781439  9.60633654  9.16489465 10.19476439 20.73370946
 10.91171739  9.51487097 10.55980458 10.11286159  9.25166918 10.18619606
 10.89589154  9.66133429 18.16033377 11.41876262  9.66254131 11.78517068
  9.63027236  9.72319692 13.48227214 11.86783266 10.29045208 11.34704814
 10.42542239  9.97183942 16.66587983  9.63223563  9.94739313 12.2444508
 10.76433435 15.84204735 11.09098539 11.32768459 13.62910394 10.85136273
  9.42625742 10.04858618 11.53940708 10.26370688  9.42109539 12.99503964
 12.98272034  9.87061733  9.6178838  15.89158075  9.45441097 10.74714879
  9.20734765 15.47734561 10.10215381 12.67811949  9.17128015 10.64622727
 13.63444266  9.73692103 12.32320283 13.06132837 13.59229407 11.85912629
  9.57532816  9.20661471 11.02701322  9.86287132 12.66573947  9.4911258
 11.70266173 10.79160483  9.59233126  9.19880946 11.94894842 12.18262562
  9.17025966  9.7483081  10.3203806   9.40513303]",Aug_f_classif,2,0.05283456668257713,datamicroarray_chiaretti,128,12625,StratifiedKFold n_splits = 10
accuracy,0.9230769230769231,0.0009832580128441685,LogisticRegression,100,"['8108', '4070', '1151', '10876', '7483', '11555', '882', '4033', '9078', '8128', '147', '9194', '154', '3844', '6598', '3733', '9460', '9461', '9513', '3493', '5210', '6564', '3439', '7883', '3392', '3388', '270', '9722', '4249', '3221', '9808', '9822', '329', '9845', '9847', '4276', '6653', '4286', '3127', '351', '9916', '9929', '3005', '7672', '7650', '2872', '10113', '4824', '418', '2802', '10262', '10298', '6334', '10331', '2635', '6701', '2584', '2564', '8301', '4402', '6706', '6713', '7453', '5678', '7432', '10578', '10603', '7375', '5768', '2134', '7293', '10864', '10957', '7251', '1901', '8590', '11056', '1800', '7109', '11244', '7081', '1613', '7072', '712', '713', '11363', '6065', '755', '11508', '11569', '11577', '6938', '1015', '8464', '8460', '7', '11844', '871', '6207', '7610', '0', '1', '2', '3', '4', '0_rbf', '1_rbf', '2_rbf', '3_rbf', '4_rbf']","[ 8.93691508  8.97321879  8.99955376  9.05190507  9.03073717  8.99592641
  9.12216203 10.05169083 16.4641017  10.96386431 15.34556528 12.52668892
 12.79464388 10.36121721 13.01664272 11.78990222  9.43159763  9.20681672
 11.75808818 10.57374752 13.10063795 13.32051008 10.82992052  9.66154376
 11.22527737 10.04084695 13.89219323 15.72417388 14.45905671 10.3043595
  9.78122726 13.82019252 12.02081138  9.36158319  9.85978738  9.61148421
 14.35380611 12.63277422  9.35502281 10.05881546 13.23869638 15.13514083
 15.52790095 12.16674208 11.19563083  9.55585836  9.73855526 11.20553987
 10.71100739  9.32921909 10.28725669 19.65196686 18.81966585 11.33428109
 12.21238831 20.90684988 13.13180633 13.19840079 10.65440503 11.88297396
  9.36551597  9.2242195   9.21509497 10.27994922 11.90561941  9.8016192
 15.92497464 13.16361631 11.45638083  9.15768054 10.47149324 12.64458144
 11.12286018 10.38929346 11.20886388 11.27510063 10.42239708 10.11877555
 10.72278188  9.76191947 15.29834855  9.44147362 10.9602887  11.88269609
 14.03289253  9.87076817  9.49826939  9.72116175 11.49969742 11.21928767
  9.96720701 10.66177318 10.55142981 10.08570771 10.33907772 10.37436555
 10.77405498 10.09864682  9.42536224 12.99246777]",Aug_f_classif,3,0.05929972603917122,datamicroarray_chiaretti,128,12625,StratifiedKFold n_splits = 10
MCC,0.8760656866605544,0.0009832580128441685,LogisticRegression,100,"['8108', '4070', '1151', '10876', '7483', '11555', '882', '4033', '9078', '8128', '147', '9194', '154', '3844', '6598', '3733', '9460', '9461', '9513', '3493', '5210', '6564', '3439', '7883', '3392', '3388', '270', '9722', '4249', '3221', '9808', '9822', '329', '9845', '9847', '4276', '6653', '4286', '3127', '351', '9916', '9929', '3005', '7672', '7650', '2872', '10113', '4824', '418', '2802', '10262', '10298', '6334', '10331', '2635', '6701', '2584', '2564', '8301', '4402', '6706', '6713', '7453', '5678', '7432', '10578', '10603', '7375', '5768', '2134', '7293', '10864', '10957', '7251', '1901', '8590', '11056', '1800', '7109', '11244', '7081', '1613', '7072', '712', '713', '11363', '6065', '755', '11508', '11569', '11577', '6938', '1015', '8464', '8460', '7', '11844', '871', '6207', '7610', '0', '1', '2', '3', '4', '0_rbf', '1_rbf', '2_rbf', '3_rbf', '4_rbf']","[ 8.93691508  8.97321879  8.99955376  9.05190507  9.03073717  8.99592641
  9.12216203 10.05169083 16.4641017  10.96386431 15.34556528 12.52668892
 12.79464388 10.36121721 13.01664272 11.78990222  9.43159763  9.20681672
 11.75808818 10.57374752 13.10063795 13.32051008 10.82992052  9.66154376
 11.22527737 10.04084695 13.89219323 15.72417388 14.45905671 10.3043595
  9.78122726 13.82019252 12.02081138  9.36158319  9.85978738  9.61148421
 14.35380611 12.63277422  9.35502281 10.05881546 13.23869638 15.13514083
 15.52790095 12.16674208 11.19563083  9.55585836  9.73855526 11.20553987
 10.71100739  9.32921909 10.28725669 19.65196686 18.81966585 11.33428109
 12.21238831 20.90684988 13.13180633 13.19840079 10.65440503 11.88297396
  9.36551597  9.2242195   9.21509497 10.27994922 11.90561941  9.8016192
 15.92497464 13.16361631 11.45638083  9.15768054 10.47149324 12.64458144
 11.12286018 10.38929346 11.20886388 11.27510063 10.42239708 10.11877555
 10.72278188  9.76191947 15.29834855  9.44147362 10.9602887  11.88269609
 14.03289253  9.87076817  9.49826939  9.72116175 11.49969742 11.21928767
  9.96720701 10.66177318 10.55142981 10.08570771 10.33907772 10.37436555
 10.77405498 10.09864682  9.42536224 12.99246777]",Aug_f_classif,3,0.05929972603917122,datamicroarray_chiaretti,128,12625,StratifiedKFold n_splits = 10
AUC,0.9857988165680472,0.0009832580128441685,LogisticRegression,100,"['8108', '4070', '1151', '10876', '7483', '11555', '882', '4033', '9078', '8128', '147', '9194', '154', '3844', '6598', '3733', '9460', '9461', '9513', '3493', '5210', '6564', '3439', '7883', '3392', '3388', '270', '9722', '4249', '3221', '9808', '9822', '329', '9845', '9847', '4276', '6653', '4286', '3127', '351', '9916', '9929', '3005', '7672', '7650', '2872', '10113', '4824', '418', '2802', '10262', '10298', '6334', '10331', '2635', '6701', '2584', '2564', '8301', '4402', '6706', '6713', '7453', '5678', '7432', '10578', '10603', '7375', '5768', '2134', '7293', '10864', '10957', '7251', '1901', '8590', '11056', '1800', '7109', '11244', '7081', '1613', '7072', '712', '713', '11363', '6065', '755', '11508', '11569', '11577', '6938', '1015', '8464', '8460', '7', '11844', '871', '6207', '7610', '0', '1', '2', '3', '4', '0_rbf', '1_rbf', '2_rbf', '3_rbf', '4_rbf']","[ 8.93691508  8.97321879  8.99955376  9.05190507  9.03073717  8.99592641
  9.12216203 10.05169083 16.4641017  10.96386431 15.34556528 12.52668892
 12.79464388 10.36121721 13.01664272 11.78990222  9.43159763  9.20681672
 11.75808818 10.57374752 13.10063795 13.32051008 10.82992052  9.66154376
 11.22527737 10.04084695 13.89219323 15.72417388 14.45905671 10.3043595
  9.78122726 13.82019252 12.02081138  9.36158319  9.85978738  9.61148421
 14.35380611 12.63277422  9.35502281 10.05881546 13.23869638 15.13514083
 15.52790095 12.16674208 11.19563083  9.55585836  9.73855526 11.20553987
 10.71100739  9.32921909 10.28725669 19.65196686 18.81966585 11.33428109
 12.21238831 20.90684988 13.13180633 13.19840079 10.65440503 11.88297396
  9.36551597  9.2242195   9.21509497 10.27994922 11.90561941  9.8016192
 15.92497464 13.16361631 11.45638083  9.15768054 10.47149324 12.64458144
 11.12286018 10.38929346 11.20886388 11.27510063 10.42239708 10.11877555
 10.72278188  9.76191947 15.29834855  9.44147362 10.9602887  11.88269609
 14.03289253  9.87076817  9.49826939  9.72116175 11.49969742 11.21928767
  9.96720701 10.66177318 10.55142981 10.08570771 10.33907772 10.37436555
 10.77405498 10.09864682  9.42536224 12.99246777]",Aug_f_classif,3,0.05929972603917122,datamicroarray_chiaretti,128,12625,StratifiedKFold n_splits = 10
PR-AUC,0.9375171836710297,0.0009832580128441685,LogisticRegression,100,"['8108', '4070', '1151', '10876', '7483', '11555', '882', '4033', '9078', '8128', '147', '9194', '154', '3844', '6598', '3733', '9460', '9461', '9513', '3493', '5210', '6564', '3439', '7883', '3392', '3388', '270', '9722', '4249', '3221', '9808', '9822', '329', '9845', '9847', '4276', '6653', '4286', '3127', '351', '9916', '9929', '3005', '7672', '7650', '2872', '10113', '4824', '418', '2802', '10262', '10298', '6334', '10331', '2635', '6701', '2584', '2564', '8301', '4402', '6706', '6713', '7453', '5678', '7432', '10578', '10603', '7375', '5768', '2134', '7293', '10864', '10957', '7251', '1901', '8590', '11056', '1800', '7109', '11244', '7081', '1613', '7072', '712', '713', '11363', '6065', '755', '11508', '11569', '11577', '6938', '1015', '8464', '8460', '7', '11844', '871', '6207', '7610', '0', '1', '2', '3', '4', '0_rbf', '1_rbf', '2_rbf', '3_rbf', '4_rbf']","[ 8.93691508  8.97321879  8.99955376  9.05190507  9.03073717  8.99592641
  9.12216203 10.05169083 16.4641017  10.96386431 15.34556528 12.52668892
 12.79464388 10.36121721 13.01664272 11.78990222  9.43159763  9.20681672
 11.75808818 10.57374752 13.10063795 13.32051008 10.82992052  9.66154376
 11.22527737 10.04084695 13.89219323 15.72417388 14.45905671 10.3043595
  9.78122726 13.82019252 12.02081138  9.36158319  9.85978738  9.61148421
 14.35380611 12.63277422  9.35502281 10.05881546 13.23869638 15.13514083
 15.52790095 12.16674208 11.19563083  9.55585836  9.73855526 11.20553987
 10.71100739  9.32921909 10.28725669 19.65196686 18.81966585 11.33428109
 12.21238831 20.90684988 13.13180633 13.19840079 10.65440503 11.88297396
  9.36551597  9.2242195   9.21509497 10.27994922 11.90561941  9.8016192
 15.92497464 13.16361631 11.45638083  9.15768054 10.47149324 12.64458144
 11.12286018 10.38929346 11.20886388 11.27510063 10.42239708 10.11877555
 10.72278188  9.76191947 15.29834855  9.44147362 10.9602887  11.88269609
 14.03289253  9.87076817  9.49826939  9.72116175 11.49969742 11.21928767
  9.96720701 10.66177318 10.55142981 10.08570771 10.33907772 10.37436555
 10.77405498 10.09864682  9.42536224 12.99246777]",Aug_f_classif,3,0.05929972603917122,datamicroarray_chiaretti,128,12625,StratifiedKFold n_splits = 10
accuracy,0.8461538461538461,0.0009497653207053309,LogisticRegression,100,"['2134', '1901', '10291', '7099', '11175', '2398', '8658', '8301', '2872', '9460', '10792', '7251', '9078', '755', '7432', '6598', '3392', '3388', '5210', '6938', '147', '10331', '6007', '154', '3844', '8108', '6564', '713', '10298', '10262', '9194', '8590', '10578', '12238', '8128', '11854', '712', '6859', '10603', '4249', '10182', '11853', '11852', '3439', '7610', '6207', '2564', '11372', '6653', '5968', '2584', '7375', '418', '7072', '2635', '11056', '7081', '5098', '7105', '6334', '9929', '7109', '9916', '9873', '270', '9847', '9845', '11508', '9822', '3484', '3493', '1151', '9808', '1800', '11546', '11555', '2802', '10864', '7293', '4033', '8916', '11569', '9513', '3733', '9722', '4402', '7672', '329', '8464', '351', '6713', '3005', '7', '7650', '2897', '6706', '1015', '12318', '7883', '6701', '0', '1', '2', '3', '4', '0_rbf', '1_rbf', '2_rbf', '3_rbf', '4_rbf']","[ 9.36839455  9.4789077   9.60822343  9.45711993  9.42250349  9.43103329
  9.52330254  9.5624678   9.38525212  9.68763974  9.43140507  9.69987963
 16.05814468 11.16652902 13.41165696 15.14293108 10.18936798 11.38238931
 13.0491955  10.84599769 12.7657472  10.46321417 12.1122248  12.17016999
 10.38648657 11.25363088 18.18672888 17.91720808 18.23038966 10.81599577
 12.71004632 11.31304796 11.87205199 10.65065647 10.83516805  9.89924963
 14.2251683  11.3382821  16.79387869 13.87639101  9.83404508  9.76788495
 11.20076957 13.74367901 15.37611325 10.3642684  13.90442076  9.9250938
 13.72409982 10.12078949 13.19938291 11.1966684   9.8491054  12.16474767
 11.61118169 10.74033426 14.11743521 11.37908471 10.52709131 21.72639543
 13.97717947 10.69360925 12.86267004 10.95659374 16.17947339 10.28611615
  9.87929909 13.30626125 17.39247153 10.63816619 10.22577009 11.32681069
  9.84142534 10.97132493 10.24343369  9.87655266 11.26485653 12.58341412
 10.97974368 11.88267606  9.81062846 12.02284459 10.37240564 14.26647612
 15.07703014 12.49362451 13.31229345 10.81678407 12.80468671  9.93630139
 10.9681175  15.53914015 11.86800926 10.17719756 10.76574578 10.73995038
 11.00072412  9.90085246 10.64864433 22.00272775]",Aug_f_classif,4,0.0625305138528347,datamicroarray_chiaretti,128,12625,StratifiedKFold n_splits = 10
MCC,0.765404529471217,0.0009497653207053309,LogisticRegression,100,"['2134', '1901', '10291', '7099', '11175', '2398', '8658', '8301', '2872', '9460', '10792', '7251', '9078', '755', '7432', '6598', '3392', '3388', '5210', '6938', '147', '10331', '6007', '154', '3844', '8108', '6564', '713', '10298', '10262', '9194', '8590', '10578', '12238', '8128', '11854', '712', '6859', '10603', '4249', '10182', '11853', '11852', '3439', '7610', '6207', '2564', '11372', '6653', '5968', '2584', '7375', '418', '7072', '2635', '11056', '7081', '5098', '7105', '6334', '9929', '7109', '9916', '9873', '270', '9847', '9845', '11508', '9822', '3484', '3493', '1151', '9808', '1800', '11546', '11555', '2802', '10864', '7293', '4033', '8916', '11569', '9513', '3733', '9722', '4402', '7672', '329', '8464', '351', '6713', '3005', '7', '7650', '2897', '6706', '1015', '12318', '7883', '6701', '0', '1', '2', '3', '4', '0_rbf', '1_rbf', '2_rbf', '3_rbf', '4_rbf']","[ 9.36839455  9.4789077   9.60822343  9.45711993  9.42250349  9.43103329
  9.52330254  9.5624678   9.38525212  9.68763974  9.43140507  9.69987963
 16.05814468 11.16652902 13.41165696 15.14293108 10.18936798 11.38238931
 13.0491955  10.84599769 12.7657472  10.46321417 12.1122248  12.17016999
 10.38648657 11.25363088 18.18672888 17.91720808 18.23038966 10.81599577
 12.71004632 11.31304796 11.87205199 10.65065647 10.83516805  9.89924963
 14.2251683  11.3382821  16.79387869 13.87639101  9.83404508  9.76788495
 11.20076957 13.74367901 15.37611325 10.3642684  13.90442076  9.9250938
 13.72409982 10.12078949 13.19938291 11.1966684   9.8491054  12.16474767
 11.61118169 10.74033426 14.11743521 11.37908471 10.52709131 21.72639543
 13.97717947 10.69360925 12.86267004 10.95659374 16.17947339 10.28611615
  9.87929909 13.30626125 17.39247153 10.63816619 10.22577009 11.32681069
  9.84142534 10.97132493 10.24343369  9.87655266 11.26485653 12.58341412
 10.97974368 11.88267606  9.81062846 12.02284459 10.37240564 14.26647612
 15.07703014 12.49362451 13.31229345 10.81678407 12.80468671  9.93630139
 10.9681175  15.53914015 11.86800926 10.17719756 10.76574578 10.73995038
 11.00072412  9.90085246 10.64864433 22.00272775]",Aug_f_classif,4,0.0625305138528347,datamicroarray_chiaretti,128,12625,StratifiedKFold n_splits = 10
AUC,0.9289940828402367,0.0009497653207053309,LogisticRegression,100,"['2134', '1901', '10291', '7099', '11175', '2398', '8658', '8301', '2872', '9460', '10792', '7251', '9078', '755', '7432', '6598', '3392', '3388', '5210', '6938', '147', '10331', '6007', '154', '3844', '8108', '6564', '713', '10298', '10262', '9194', '8590', '10578', '12238', '8128', '11854', '712', '6859', '10603', '4249', '10182', '11853', '11852', '3439', '7610', '6207', '2564', '11372', '6653', '5968', '2584', '7375', '418', '7072', '2635', '11056', '7081', '5098', '7105', '6334', '9929', '7109', '9916', '9873', '270', '9847', '9845', '11508', '9822', '3484', '3493', '1151', '9808', '1800', '11546', '11555', '2802', '10864', '7293', '4033', '8916', '11569', '9513', '3733', '9722', '4402', '7672', '329', '8464', '351', '6713', '3005', '7', '7650', '2897', '6706', '1015', '12318', '7883', '6701', '0', '1', '2', '3', '4', '0_rbf', '1_rbf', '2_rbf', '3_rbf', '4_rbf']","[ 9.36839455  9.4789077   9.60822343  9.45711993  9.42250349  9.43103329
  9.52330254  9.5624678   9.38525212  9.68763974  9.43140507  9.69987963
 16.05814468 11.16652902 13.41165696 15.14293108 10.18936798 11.38238931
 13.0491955  10.84599769 12.7657472  10.46321417 12.1122248  12.17016999
 10.38648657 11.25363088 18.18672888 17.91720808 18.23038966 10.81599577
 12.71004632 11.31304796 11.87205199 10.65065647 10.83516805  9.89924963
 14.2251683  11.3382821  16.79387869 13.87639101  9.83404508  9.76788495
 11.20076957 13.74367901 15.37611325 10.3642684  13.90442076  9.9250938
 13.72409982 10.12078949 13.19938291 11.1966684   9.8491054  12.16474767
 11.61118169 10.74033426 14.11743521 11.37908471 10.52709131 21.72639543
 13.97717947 10.69360925 12.86267004 10.95659374 16.17947339 10.28611615
  9.87929909 13.30626125 17.39247153 10.63816619 10.22577009 11.32681069
  9.84142534 10.97132493 10.24343369  9.87655266 11.26485653 12.58341412
 10.97974368 11.88267606  9.81062846 12.02284459 10.37240564 14.26647612
 15.07703014 12.49362451 13.31229345 10.81678407 12.80468671  9.93630139
 10.9681175  15.53914015 11.86800926 10.17719756 10.76574578 10.73995038
 11.00072412  9.90085246 10.64864433 22.00272775]",Aug_f_classif,4,0.0625305138528347,datamicroarray_chiaretti,128,12625,StratifiedKFold n_splits = 10
PR-AUC,0.8314684301407591,0.0009497653207053309,LogisticRegression,100,"['2134', '1901', '10291', '7099', '11175', '2398', '8658', '8301', '2872', '9460', '10792', '7251', '9078', '755', '7432', '6598', '3392', '3388', '5210', '6938', '147', '10331', '6007', '154', '3844', '8108', '6564', '713', '10298', '10262', '9194', '8590', '10578', '12238', '8128', '11854', '712', '6859', '10603', '4249', '10182', '11853', '11852', '3439', '7610', '6207', '2564', '11372', '6653', '5968', '2584', '7375', '418', '7072', '2635', '11056', '7081', '5098', '7105', '6334', '9929', '7109', '9916', '9873', '270', '9847', '9845', '11508', '9822', '3484', '3493', '1151', '9808', '1800', '11546', '11555', '2802', '10864', '7293', '4033', '8916', '11569', '9513', '3733', '9722', '4402', '7672', '329', '8464', '351', '6713', '3005', '7', '7650', '2897', '6706', '1015', '12318', '7883', '6701', '0', '1', '2', '3', '4', '0_rbf', '1_rbf', '2_rbf', '3_rbf', '4_rbf']","[ 9.36839455  9.4789077   9.60822343  9.45711993  9.42250349  9.43103329
  9.52330254  9.5624678   9.38525212  9.68763974  9.43140507  9.69987963
 16.05814468 11.16652902 13.41165696 15.14293108 10.18936798 11.38238931
 13.0491955  10.84599769 12.7657472  10.46321417 12.1122248  12.17016999
 10.38648657 11.25363088 18.18672888 17.91720808 18.23038966 10.81599577
 12.71004632 11.31304796 11.87205199 10.65065647 10.83516805  9.89924963
 14.2251683  11.3382821  16.79387869 13.87639101  9.83404508  9.76788495
 11.20076957 13.74367901 15.37611325 10.3642684  13.90442076  9.9250938
 13.72409982 10.12078949 13.19938291 11.1966684   9.8491054  12.16474767
 11.61118169 10.74033426 14.11743521 11.37908471 10.52709131 21.72639543
 13.97717947 10.69360925 12.86267004 10.95659374 16.17947339 10.28611615
  9.87929909 13.30626125 17.39247153 10.63816619 10.22577009 11.32681069
  9.84142534 10.97132493 10.24343369  9.87655266 11.26485653 12.58341412
 10.97974368 11.88267606  9.81062846 12.02284459 10.37240564 14.26647612
 15.07703014 12.49362451 13.31229345 10.81678407 12.80468671  9.93630139
 10.9681175  15.53914015 11.86800926 10.17719756 10.76574578 10.73995038
 11.00072412  9.90085246 10.64864433 22.00272775]",Aug_f_classif,4,0.0625305138528347,datamicroarray_chiaretti,128,12625,StratifiedKFold n_splits = 10
accuracy,0.6923076923076923,0.0010249487731767738,LogisticRegression,100,"['42', '6065', '7835', '124', '4070', '11844', '1177', '147', '154', '11855', '9722', '4033', '2648', '5210', '7432', '6938', '1800', '4249', '105', '4276', '9822', '7453', '8590', '2635', '11508', '9845', '5678', '1015', '8464', '7375', '3844', '1901', '9916', '8916', '270', '9929', '5768', '3733', '2872', '7610', '10603', '8301', '6713', '6706', '9513', '6701', '329', '11546', '4742', '10864', '2897', '7650', '4402', '7293', '9461', '9460', '7072', '10578', '10113', '3493', '10876', '6007', '11555', '2584', '7081', '7672', '6653', '755', '8128', '3439', '9078', '713', '11569', '712', '8108', '11228', '418', '3392', '3388', '3005', '9417', '11577', '7105', '6598', '7109', '10262', '10464', '2134', '12238', '6564', '7', '2564', '4824', '3127', '6334', '10298', '9194', '10331', '7883', '8460', '0', '1', '2', '3', '4', '0_rbf', '1_rbf', '2_rbf', '3_rbf', '4_rbf']","[ 8.89511273  8.89955395  8.94474132 10.49872653  9.6710401  12.42262256
  9.41813309 13.66380823 11.07093446  9.36853349 16.04024125  9.89948238
  8.9808078  18.89694776 12.58697795 11.9733436   9.01130072 14.49771643
  9.49086181  9.66398726 13.0933629  10.13717786 10.21930002 12.84500741
 13.937312    9.36918209  9.87095001 10.34509518 11.76783221 12.53888015
 11.45076304  9.8961932  15.6268012   9.2380821  12.67516164 12.63167946
  8.95352639 12.29165365  9.78256595 13.85930002 20.85459196 10.18086103
  9.36170191 10.6504762  10.99359291 23.79940715 10.59791579  9.30115864
 10.3396429  12.54726402  9.81977782 10.28179835 12.41095438  9.71287243
  9.50537211 10.98299873 14.84096801  9.26340487  9.92148908 10.86896689
  9.46434877 10.43294256  9.22373002 12.20661754 15.72371125 14.23037947
 17.76645693 11.25821534 10.35580012  9.71290285 18.12661591 12.92432424
 10.35915093 10.82156923  9.06164929  9.91926383 10.15491357 14.73642497
 11.37439908 13.32825357 10.12206491  9.66973631  9.02718068 15.29978736
 12.16477514 13.3289224  10.34978736  9.41681209  9.37931036 10.8735104
 11.51281918 18.55422634 10.90974595 11.59707111 21.53782675 22.05426436
 15.37665139 10.0911494  10.15097641 10.26691405]",Aug_f_classif,5,0.06250664964318275,datamicroarray_chiaretti,128,12625,StratifiedKFold n_splits = 10
MCC,0.5412673827612543,0.0010249487731767738,LogisticRegression,100,"['42', '6065', '7835', '124', '4070', '11844', '1177', '147', '154', '11855', '9722', '4033', '2648', '5210', '7432', '6938', '1800', '4249', '105', '4276', '9822', '7453', '8590', '2635', '11508', '9845', '5678', '1015', '8464', '7375', '3844', '1901', '9916', '8916', '270', '9929', '5768', '3733', '2872', '7610', '10603', '8301', '6713', '6706', '9513', '6701', '329', '11546', '4742', '10864', '2897', '7650', '4402', '7293', '9461', '9460', '7072', '10578', '10113', '3493', '10876', '6007', '11555', '2584', '7081', '7672', '6653', '755', '8128', '3439', '9078', '713', '11569', '712', '8108', '11228', '418', '3392', '3388', '3005', '9417', '11577', '7105', '6598', '7109', '10262', '10464', '2134', '12238', '6564', '7', '2564', '4824', '3127', '6334', '10298', '9194', '10331', '7883', '8460', '0', '1', '2', '3', '4', '0_rbf', '1_rbf', '2_rbf', '3_rbf', '4_rbf']","[ 8.89511273  8.89955395  8.94474132 10.49872653  9.6710401  12.42262256
  9.41813309 13.66380823 11.07093446  9.36853349 16.04024125  9.89948238
  8.9808078  18.89694776 12.58697795 11.9733436   9.01130072 14.49771643
  9.49086181  9.66398726 13.0933629  10.13717786 10.21930002 12.84500741
 13.937312    9.36918209  9.87095001 10.34509518 11.76783221 12.53888015
 11.45076304  9.8961932  15.6268012   9.2380821  12.67516164 12.63167946
  8.95352639 12.29165365  9.78256595 13.85930002 20.85459196 10.18086103
  9.36170191 10.6504762  10.99359291 23.79940715 10.59791579  9.30115864
 10.3396429  12.54726402  9.81977782 10.28179835 12.41095438  9.71287243
  9.50537211 10.98299873 14.84096801  9.26340487  9.92148908 10.86896689
  9.46434877 10.43294256  9.22373002 12.20661754 15.72371125 14.23037947
 17.76645693 11.25821534 10.35580012  9.71290285 18.12661591 12.92432424
 10.35915093 10.82156923  9.06164929  9.91926383 10.15491357 14.73642497
 11.37439908 13.32825357 10.12206491  9.66973631  9.02718068 15.29978736
 12.16477514 13.3289224  10.34978736  9.41681209  9.37931036 10.8735104
 11.51281918 18.55422634 10.90974595 11.59707111 21.53782675 22.05426436
 15.37665139 10.0911494  10.15097641 10.26691405]",Aug_f_classif,5,0.06250664964318275,datamicroarray_chiaretti,128,12625,StratifiedKFold n_splits = 10
AUC,0.9715976331360947,0.0010249487731767738,LogisticRegression,100,"['42', '6065', '7835', '124', '4070', '11844', '1177', '147', '154', '11855', '9722', '4033', '2648', '5210', '7432', '6938', '1800', '4249', '105', '4276', '9822', '7453', '8590', '2635', '11508', '9845', '5678', '1015', '8464', '7375', '3844', '1901', '9916', '8916', '270', '9929', '5768', '3733', '2872', '7610', '10603', '8301', '6713', '6706', '9513', '6701', '329', '11546', '4742', '10864', '2897', '7650', '4402', '7293', '9461', '9460', '7072', '10578', '10113', '3493', '10876', '6007', '11555', '2584', '7081', '7672', '6653', '755', '8128', '3439', '9078', '713', '11569', '712', '8108', '11228', '418', '3392', '3388', '3005', '9417', '11577', '7105', '6598', '7109', '10262', '10464', '2134', '12238', '6564', '7', '2564', '4824', '3127', '6334', '10298', '9194', '10331', '7883', '8460', '0', '1', '2', '3', '4', '0_rbf', '1_rbf', '2_rbf', '3_rbf', '4_rbf']","[ 8.89511273  8.89955395  8.94474132 10.49872653  9.6710401  12.42262256
  9.41813309 13.66380823 11.07093446  9.36853349 16.04024125  9.89948238
  8.9808078  18.89694776 12.58697795 11.9733436   9.01130072 14.49771643
  9.49086181  9.66398726 13.0933629  10.13717786 10.21930002 12.84500741
 13.937312    9.36918209  9.87095001 10.34509518 11.76783221 12.53888015
 11.45076304  9.8961932  15.6268012   9.2380821  12.67516164 12.63167946
  8.95352639 12.29165365  9.78256595 13.85930002 20.85459196 10.18086103
  9.36170191 10.6504762  10.99359291 23.79940715 10.59791579  9.30115864
 10.3396429  12.54726402  9.81977782 10.28179835 12.41095438  9.71287243
  9.50537211 10.98299873 14.84096801  9.26340487  9.92148908 10.86896689
  9.46434877 10.43294256  9.22373002 12.20661754 15.72371125 14.23037947
 17.76645693 11.25821534 10.35580012  9.71290285 18.12661591 12.92432424
 10.35915093 10.82156923  9.06164929  9.91926383 10.15491357 14.73642497
 11.37439908 13.32825357 10.12206491  9.66973631  9.02718068 15.29978736
 12.16477514 13.3289224  10.34978736  9.41681209  9.37931036 10.8735104
 11.51281918 18.55422634 10.90974595 11.59707111 21.53782675 22.05426436
 15.37665139 10.0911494  10.15097641 10.26691405]",Aug_f_classif,5,0.06250664964318275,datamicroarray_chiaretti,128,12625,StratifiedKFold n_splits = 10
PR-AUC,0.8782060045217939,0.0010249487731767738,LogisticRegression,100,"['42', '6065', '7835', '124', '4070', '11844', '1177', '147', '154', '11855', '9722', '4033', '2648', '5210', '7432', '6938', '1800', '4249', '105', '4276', '9822', '7453', '8590', '2635', '11508', '9845', '5678', '1015', '8464', '7375', '3844', '1901', '9916', '8916', '270', '9929', '5768', '3733', '2872', '7610', '10603', '8301', '6713', '6706', '9513', '6701', '329', '11546', '4742', '10864', '2897', '7650', '4402', '7293', '9461', '9460', '7072', '10578', '10113', '3493', '10876', '6007', '11555', '2584', '7081', '7672', '6653', '755', '8128', '3439', '9078', '713', '11569', '712', '8108', '11228', '418', '3392', '3388', '3005', '9417', '11577', '7105', '6598', '7109', '10262', '10464', '2134', '12238', '6564', '7', '2564', '4824', '3127', '6334', '10298', '9194', '10331', '7883', '8460', '0', '1', '2', '3', '4', '0_rbf', '1_rbf', '2_rbf', '3_rbf', '4_rbf']","[ 8.89511273  8.89955395  8.94474132 10.49872653  9.6710401  12.42262256
  9.41813309 13.66380823 11.07093446  9.36853349 16.04024125  9.89948238
  8.9808078  18.89694776 12.58697795 11.9733436   9.01130072 14.49771643
  9.49086181  9.66398726 13.0933629  10.13717786 10.21930002 12.84500741
 13.937312    9.36918209  9.87095001 10.34509518 11.76783221 12.53888015
 11.45076304  9.8961932  15.6268012   9.2380821  12.67516164 12.63167946
  8.95352639 12.29165365  9.78256595 13.85930002 20.85459196 10.18086103
  9.36170191 10.6504762  10.99359291 23.79940715 10.59791579  9.30115864
 10.3396429  12.54726402  9.81977782 10.28179835 12.41095438  9.71287243
  9.50537211 10.98299873 14.84096801  9.26340487  9.92148908 10.86896689
  9.46434877 10.43294256  9.22373002 12.20661754 15.72371125 14.23037947
 17.76645693 11.25821534 10.35580012  9.71290285 18.12661591 12.92432424
 10.35915093 10.82156923  9.06164929  9.91926383 10.15491357 14.73642497
 11.37439908 13.32825357 10.12206491  9.66973631  9.02718068 15.29978736
 12.16477514 13.3289224  10.34978736  9.41681209  9.37931036 10.8735104
 11.51281918 18.55422634 10.90974595 11.59707111 21.53782675 22.05426436
 15.37665139 10.0911494  10.15097641 10.26691405]",Aug_f_classif,5,0.06250664964318275,datamicroarray_chiaretti,128,12625,StratifiedKFold n_splits = 10
accuracy,0.8461538461538461,0.0009449798127879267,LogisticRegression,100,"['7093', '8108', '6207', '6713', '6065', '9078', '10298', '329', '10331', '9513', '351', '4249', '3733', '6938', '2802', '2635', '9873', '8916', '270', '9194', '2584', '2564', '4402', '12238', '10578', '10591', '10603', '2455', '9845', '10610', '7072', '2398', '6564', '9822', '7081', '9916', '2872', '2897', '10113', '7109', '10792', '9461', '10864', '10876', '2134', '8464', '9929', '8460', '6706', '6007', '10957', '6598', '7251', '11056', '6701', '8301', '712', '713', '11142', '42', '7293', '755', '11175', '6334', '6859', '9297', '11228', '5210', '3005', '8053', '7375', '1613', '11363', '7413', '7883', '7432', '7835', '5419', '11853', '3439', '11852', '3127', '11508', '7', '11555', '9722', '11569', '11577', '3388', '154', '3392', '5768', '6653', '7672', '1151', '5678', '147', '7610', '1015', '9460', '0', '1', '2', '3', '4', '0_rbf', '1_rbf', '2_rbf', '3_rbf', '4_rbf']","[ 8.92945624  8.94110889  8.93350418  8.97489767  8.99410854 15.80050204
 21.50077444 10.51960796 13.1599808  13.94249776  9.34969929 15.48665446
 10.8351272  10.86913122  9.12278924 10.50262972  9.64726078  9.25440925
 11.53812145 11.97254327 10.17242421 13.59620744 10.92219454  9.46163289
 10.83529226  9.14632282 15.8705369  11.60812839 10.36746497  9.02218688
 12.02289393  9.94746594  9.8720492  13.28613822 17.54327387 13.42604108
  9.65871825 10.82239743  9.92287763 13.66602458  9.16529247 10.93959656
 13.56946814  9.04163712 11.28304273  9.47456931 15.14499463  9.14852168
 10.02899405  9.58276691  9.08602226 10.49828532 11.67005381 10.02457812
 18.6872067   9.59234384 11.92986652 13.34492743  9.13239128  9.92376295
 10.93518526 12.63129231  8.99612817 18.19327935  9.61151598  9.78180396
  9.13719602 13.23824819 12.03254577  9.29310857  9.78005688 10.13435417
  9.23576604  9.66304956 10.03273738 14.27390094  9.27403288  9.11572027
  9.43213437 10.45928602 10.55236226 11.07303508 11.7490154  10.22673006
 12.03256631 21.51646    10.30283223  9.05083413 12.91644917 10.49504359
  9.50861241 11.8942274  16.03557708 10.98556378 10.5133663  10.91181261
 14.84992668 12.22982572  9.80499141 10.33131106]",Aug_f_classif,6,0.06796254590153694,datamicroarray_chiaretti,128,12625,StratifiedKFold n_splits = 10
MCC,0.7597558850114101,0.0009449798127879267,LogisticRegression,100,"['7093', '8108', '6207', '6713', '6065', '9078', '10298', '329', '10331', '9513', '351', '4249', '3733', '6938', '2802', '2635', '9873', '8916', '270', '9194', '2584', '2564', '4402', '12238', '10578', '10591', '10603', '2455', '9845', '10610', '7072', '2398', '6564', '9822', '7081', '9916', '2872', '2897', '10113', '7109', '10792', '9461', '10864', '10876', '2134', '8464', '9929', '8460', '6706', '6007', '10957', '6598', '7251', '11056', '6701', '8301', '712', '713', '11142', '42', '7293', '755', '11175', '6334', '6859', '9297', '11228', '5210', '3005', '8053', '7375', '1613', '11363', '7413', '7883', '7432', '7835', '5419', '11853', '3439', '11852', '3127', '11508', '7', '11555', '9722', '11569', '11577', '3388', '154', '3392', '5768', '6653', '7672', '1151', '5678', '147', '7610', '1015', '9460', '0', '1', '2', '3', '4', '0_rbf', '1_rbf', '2_rbf', '3_rbf', '4_rbf']","[ 8.92945624  8.94110889  8.93350418  8.97489767  8.99410854 15.80050204
 21.50077444 10.51960796 13.1599808  13.94249776  9.34969929 15.48665446
 10.8351272  10.86913122  9.12278924 10.50262972  9.64726078  9.25440925
 11.53812145 11.97254327 10.17242421 13.59620744 10.92219454  9.46163289
 10.83529226  9.14632282 15.8705369  11.60812839 10.36746497  9.02218688
 12.02289393  9.94746594  9.8720492  13.28613822 17.54327387 13.42604108
  9.65871825 10.82239743  9.92287763 13.66602458  9.16529247 10.93959656
 13.56946814  9.04163712 11.28304273  9.47456931 15.14499463  9.14852168
 10.02899405  9.58276691  9.08602226 10.49828532 11.67005381 10.02457812
 18.6872067   9.59234384 11.92986652 13.34492743  9.13239128  9.92376295
 10.93518526 12.63129231  8.99612817 18.19327935  9.61151598  9.78180396
  9.13719602 13.23824819 12.03254577  9.29310857  9.78005688 10.13435417
  9.23576604  9.66304956 10.03273738 14.27390094  9.27403288  9.11572027
  9.43213437 10.45928602 10.55236226 11.07303508 11.7490154  10.22673006
 12.03256631 21.51646    10.30283223  9.05083413 12.91644917 10.49504359
  9.50861241 11.8942274  16.03557708 10.98556378 10.5133663  10.91181261
 14.84992668 12.22982572  9.80499141 10.33131106]",Aug_f_classif,6,0.06796254590153694,datamicroarray_chiaretti,128,12625,StratifiedKFold n_splits = 10
AUC,0.9526627218934911,0.0009449798127879267,LogisticRegression,100,"['7093', '8108', '6207', '6713', '6065', '9078', '10298', '329', '10331', '9513', '351', '4249', '3733', '6938', '2802', '2635', '9873', '8916', '270', '9194', '2584', '2564', '4402', '12238', '10578', '10591', '10603', '2455', '9845', '10610', '7072', '2398', '6564', '9822', '7081', '9916', '2872', '2897', '10113', '7109', '10792', '9461', '10864', '10876', '2134', '8464', '9929', '8460', '6706', '6007', '10957', '6598', '7251', '11056', '6701', '8301', '712', '713', '11142', '42', '7293', '755', '11175', '6334', '6859', '9297', '11228', '5210', '3005', '8053', '7375', '1613', '11363', '7413', '7883', '7432', '7835', '5419', '11853', '3439', '11852', '3127', '11508', '7', '11555', '9722', '11569', '11577', '3388', '154', '3392', '5768', '6653', '7672', '1151', '5678', '147', '7610', '1015', '9460', '0', '1', '2', '3', '4', '0_rbf', '1_rbf', '2_rbf', '3_rbf', '4_rbf']","[ 8.92945624  8.94110889  8.93350418  8.97489767  8.99410854 15.80050204
 21.50077444 10.51960796 13.1599808  13.94249776  9.34969929 15.48665446
 10.8351272  10.86913122  9.12278924 10.50262972  9.64726078  9.25440925
 11.53812145 11.97254327 10.17242421 13.59620744 10.92219454  9.46163289
 10.83529226  9.14632282 15.8705369  11.60812839 10.36746497  9.02218688
 12.02289393  9.94746594  9.8720492  13.28613822 17.54327387 13.42604108
  9.65871825 10.82239743  9.92287763 13.66602458  9.16529247 10.93959656
 13.56946814  9.04163712 11.28304273  9.47456931 15.14499463  9.14852168
 10.02899405  9.58276691  9.08602226 10.49828532 11.67005381 10.02457812
 18.6872067   9.59234384 11.92986652 13.34492743  9.13239128  9.92376295
 10.93518526 12.63129231  8.99612817 18.19327935  9.61151598  9.78180396
  9.13719602 13.23824819 12.03254577  9.29310857  9.78005688 10.13435417
  9.23576604  9.66304956 10.03273738 14.27390094  9.27403288  9.11572027
  9.43213437 10.45928602 10.55236226 11.07303508 11.7490154  10.22673006
 12.03256631 21.51646    10.30283223  9.05083413 12.91644917 10.49504359
  9.50861241 11.8942274  16.03557708 10.98556378 10.5133663  10.91181261
 14.84992668 12.22982572  9.80499141 10.33131106]",Aug_f_classif,6,0.06796254590153694,datamicroarray_chiaretti,128,12625,StratifiedKFold n_splits = 10
PR-AUC,0.8287478951935183,0.0009449798127879267,LogisticRegression,100,"['7093', '8108', '6207', '6713', '6065', '9078', '10298', '329', '10331', '9513', '351', '4249', '3733', '6938', '2802', '2635', '9873', '8916', '270', '9194', '2584', '2564', '4402', '12238', '10578', '10591', '10603', '2455', '9845', '10610', '7072', '2398', '6564', '9822', '7081', '9916', '2872', '2897', '10113', '7109', '10792', '9461', '10864', '10876', '2134', '8464', '9929', '8460', '6706', '6007', '10957', '6598', '7251', '11056', '6701', '8301', '712', '713', '11142', '42', '7293', '755', '11175', '6334', '6859', '9297', '11228', '5210', '3005', '8053', '7375', '1613', '11363', '7413', '7883', '7432', '7835', '5419', '11853', '3439', '11852', '3127', '11508', '7', '11555', '9722', '11569', '11577', '3388', '154', '3392', '5768', '6653', '7672', '1151', '5678', '147', '7610', '1015', '9460', '0', '1', '2', '3', '4', '0_rbf', '1_rbf', '2_rbf', '3_rbf', '4_rbf']","[ 8.92945624  8.94110889  8.93350418  8.97489767  8.99410854 15.80050204
 21.50077444 10.51960796 13.1599808  13.94249776  9.34969929 15.48665446
 10.8351272  10.86913122  9.12278924 10.50262972  9.64726078  9.25440925
 11.53812145 11.97254327 10.17242421 13.59620744 10.92219454  9.46163289
 10.83529226  9.14632282 15.8705369  11.60812839 10.36746497  9.02218688
 12.02289393  9.94746594  9.8720492  13.28613822 17.54327387 13.42604108
  9.65871825 10.82239743  9.92287763 13.66602458  9.16529247 10.93959656
 13.56946814  9.04163712 11.28304273  9.47456931 15.14499463  9.14852168
 10.02899405  9.58276691  9.08602226 10.49828532 11.67005381 10.02457812
 18.6872067   9.59234384 11.92986652 13.34492743  9.13239128  9.92376295
 10.93518526 12.63129231  8.99612817 18.19327935  9.61151598  9.78180396
  9.13719602 13.23824819 12.03254577  9.29310857  9.78005688 10.13435417
  9.23576604  9.66304956 10.03273738 14.27390094  9.27403288  9.11572027
  9.43213437 10.45928602 10.55236226 11.07303508 11.7490154  10.22673006
 12.03256631 21.51646    10.30283223  9.05083413 12.91644917 10.49504359
  9.50861241 11.8942274  16.03557708 10.98556378 10.5133663  10.91181261
 14.84992668 12.22982572  9.80499141 10.33131106]",Aug_f_classif,6,0.06796254590153694,datamicroarray_chiaretti,128,12625,StratifiedKFold n_splits = 10
accuracy,0.9230769230769231,0.0009044012945631276,LogisticRegression,100,"['12238', '9297', '3439', '4793', '11372', '11228', '3844', '2330', '1800', '882', '4276', '9460', '7251', '9461', '11449', '11175', '7260', '2635', '8128', '5098', '3493', '10262', '6007', '11056', '2398', '2584', '8460', '6564', '9808', '1151', '351', '42', '10957', '11577', '2897', '7432', '6207', '7610', '154', '4742', '7650', '7672', '147', '10298', '9722', '3733', '10331', '7883', '9513', '5968', '9078', '8053', '8056', '7375', '6334', '8108', '4249', '1015', '270', '5678', '9822', '3392', '3388', '7293', '2564', '9845', '8301', '12318', '4402', '10864', '7109', '9916', '7081', '9929', '7072', '755', '6554', '2802', '10578', '8464', '713', '6598', '712', '10591', '10603', '329', '6938', '11555', '503', '5210', '9194', '6653', '10792', '6859', '6701', '3005', '11508', '6706', '7', '6713', '0', '1', '2', '3', '4', '0_rbf', '1_rbf', '2_rbf', '3_rbf', '4_rbf']","[10.35634652 10.36115409 10.40230618 10.52512409 10.50440406 10.52901713
 10.60286347 10.62924157 10.72121449 10.69400523 10.63722432 10.72985115
 10.75364466 10.81799622 10.76989605 10.91333182 10.78746438 10.79743945
 10.95864776 10.80818909 10.96220119 11.06370206 11.29793161 11.62626915
 11.07120083 11.24017722 11.37757288 11.07866295 11.44642707 11.31576545
 11.35993662 11.48127088 11.57574408 11.59229519 11.21442965 11.60879403
 11.69127657 12.22683781 12.29403583 12.39013425 14.00923971 12.49625184
 18.99979125 23.37207715 17.02238156 12.05823247 11.95695335 12.18321698
 15.87650804 12.50201939 19.39369688 13.38268224 14.61929582 12.38263204
 19.07537305 13.33198165 15.61696994 12.09203331 13.05595073 11.79070966
 19.58884809 13.09528532 12.62607716 13.23323506 14.61452347 11.9896053
 12.32123792 13.34546749 12.62135345 15.98547305 15.13066287 13.05445727
 18.2077773  16.15500203 13.62166158 17.03011206 11.703935   13.50778181
 11.96822398 12.26316795 20.45067749 13.79400407 15.31021016 12.09636889
 20.71732759 12.71505731 12.31341734 12.04007145 12.16847487 14.45819872
 11.87379983 15.69810341 12.80305544 12.40954151 19.43202765 14.66218323
 12.4029485  11.6940223  14.47377942 12.49120448]",Aug_f_classif,7,0.05640292540192604,datamicroarray_chiaretti,128,12625,StratifiedKFold n_splits = 10
MCC,0.8760656866605544,0.0009044012945631276,LogisticRegression,100,"['12238', '9297', '3439', '4793', '11372', '11228', '3844', '2330', '1800', '882', '4276', '9460', '7251', '9461', '11449', '11175', '7260', '2635', '8128', '5098', '3493', '10262', '6007', '11056', '2398', '2584', '8460', '6564', '9808', '1151', '351', '42', '10957', '11577', '2897', '7432', '6207', '7610', '154', '4742', '7650', '7672', '147', '10298', '9722', '3733', '10331', '7883', '9513', '5968', '9078', '8053', '8056', '7375', '6334', '8108', '4249', '1015', '270', '5678', '9822', '3392', '3388', '7293', '2564', '9845', '8301', '12318', '4402', '10864', '7109', '9916', '7081', '9929', '7072', '755', '6554', '2802', '10578', '8464', '713', '6598', '712', '10591', '10603', '329', '6938', '11555', '503', '5210', '9194', '6653', '10792', '6859', '6701', '3005', '11508', '6706', '7', '6713', '0', '1', '2', '3', '4', '0_rbf', '1_rbf', '2_rbf', '3_rbf', '4_rbf']","[10.35634652 10.36115409 10.40230618 10.52512409 10.50440406 10.52901713
 10.60286347 10.62924157 10.72121449 10.69400523 10.63722432 10.72985115
 10.75364466 10.81799622 10.76989605 10.91333182 10.78746438 10.79743945
 10.95864776 10.80818909 10.96220119 11.06370206 11.29793161 11.62626915
 11.07120083 11.24017722 11.37757288 11.07866295 11.44642707 11.31576545
 11.35993662 11.48127088 11.57574408 11.59229519 11.21442965 11.60879403
 11.69127657 12.22683781 12.29403583 12.39013425 14.00923971 12.49625184
 18.99979125 23.37207715 17.02238156 12.05823247 11.95695335 12.18321698
 15.87650804 12.50201939 19.39369688 13.38268224 14.61929582 12.38263204
 19.07537305 13.33198165 15.61696994 12.09203331 13.05595073 11.79070966
 19.58884809 13.09528532 12.62607716 13.23323506 14.61452347 11.9896053
 12.32123792 13.34546749 12.62135345 15.98547305 15.13066287 13.05445727
 18.2077773  16.15500203 13.62166158 17.03011206 11.703935   13.50778181
 11.96822398 12.26316795 20.45067749 13.79400407 15.31021016 12.09636889
 20.71732759 12.71505731 12.31341734 12.04007145 12.16847487 14.45819872
 11.87379983 15.69810341 12.80305544 12.40954151 19.43202765 14.66218323
 12.4029485  11.6940223  14.47377942 12.49120448]",Aug_f_classif,7,0.05640292540192604,datamicroarray_chiaretti,128,12625,StratifiedKFold n_splits = 10
AUC,0.9811320754716981,0.0009044012945631276,LogisticRegression,100,"['12238', '9297', '3439', '4793', '11372', '11228', '3844', '2330', '1800', '882', '4276', '9460', '7251', '9461', '11449', '11175', '7260', '2635', '8128', '5098', '3493', '10262', '6007', '11056', '2398', '2584', '8460', '6564', '9808', '1151', '351', '42', '10957', '11577', '2897', '7432', '6207', '7610', '154', '4742', '7650', '7672', '147', '10298', '9722', '3733', '10331', '7883', '9513', '5968', '9078', '8053', '8056', '7375', '6334', '8108', '4249', '1015', '270', '5678', '9822', '3392', '3388', '7293', '2564', '9845', '8301', '12318', '4402', '10864', '7109', '9916', '7081', '9929', '7072', '755', '6554', '2802', '10578', '8464', '713', '6598', '712', '10591', '10603', '329', '6938', '11555', '503', '5210', '9194', '6653', '10792', '6859', '6701', '3005', '11508', '6706', '7', '6713', '0', '1', '2', '3', '4', '0_rbf', '1_rbf', '2_rbf', '3_rbf', '4_rbf']","[10.35634652 10.36115409 10.40230618 10.52512409 10.50440406 10.52901713
 10.60286347 10.62924157 10.72121449 10.69400523 10.63722432 10.72985115
 10.75364466 10.81799622 10.76989605 10.91333182 10.78746438 10.79743945
 10.95864776 10.80818909 10.96220119 11.06370206 11.29793161 11.62626915
 11.07120083 11.24017722 11.37757288 11.07866295 11.44642707 11.31576545
 11.35993662 11.48127088 11.57574408 11.59229519 11.21442965 11.60879403
 11.69127657 12.22683781 12.29403583 12.39013425 14.00923971 12.49625184
 18.99979125 23.37207715 17.02238156 12.05823247 11.95695335 12.18321698
 15.87650804 12.50201939 19.39369688 13.38268224 14.61929582 12.38263204
 19.07537305 13.33198165 15.61696994 12.09203331 13.05595073 11.79070966
 19.58884809 13.09528532 12.62607716 13.23323506 14.61452347 11.9896053
 12.32123792 13.34546749 12.62135345 15.98547305 15.13066287 13.05445727
 18.2077773  16.15500203 13.62166158 17.03011206 11.703935   13.50778181
 11.96822398 12.26316795 20.45067749 13.79400407 15.31021016 12.09636889
 20.71732759 12.71505731 12.31341734 12.04007145 12.16847487 14.45819872
 11.87379983 15.69810341 12.80305544 12.40954151 19.43202765 14.66218323
 12.4029485  11.6940223  14.47377942 12.49120448]",Aug_f_classif,7,0.05640292540192604,datamicroarray_chiaretti,128,12625,StratifiedKFold n_splits = 10
PR-AUC,0.818322187072187,0.0009044012945631276,LogisticRegression,100,"['12238', '9297', '3439', '4793', '11372', '11228', '3844', '2330', '1800', '882', '4276', '9460', '7251', '9461', '11449', '11175', '7260', '2635', '8128', '5098', '3493', '10262', '6007', '11056', '2398', '2584', '8460', '6564', '9808', '1151', '351', '42', '10957', '11577', '2897', '7432', '6207', '7610', '154', '4742', '7650', '7672', '147', '10298', '9722', '3733', '10331', '7883', '9513', '5968', '9078', '8053', '8056', '7375', '6334', '8108', '4249', '1015', '270', '5678', '9822', '3392', '3388', '7293', '2564', '9845', '8301', '12318', '4402', '10864', '7109', '9916', '7081', '9929', '7072', '755', '6554', '2802', '10578', '8464', '713', '6598', '712', '10591', '10603', '329', '6938', '11555', '503', '5210', '9194', '6653', '10792', '6859', '6701', '3005', '11508', '6706', '7', '6713', '0', '1', '2', '3', '4', '0_rbf', '1_rbf', '2_rbf', '3_rbf', '4_rbf']","[10.35634652 10.36115409 10.40230618 10.52512409 10.50440406 10.52901713
 10.60286347 10.62924157 10.72121449 10.69400523 10.63722432 10.72985115
 10.75364466 10.81799622 10.76989605 10.91333182 10.78746438 10.79743945
 10.95864776 10.80818909 10.96220119 11.06370206 11.29793161 11.62626915
 11.07120083 11.24017722 11.37757288 11.07866295 11.44642707 11.31576545
 11.35993662 11.48127088 11.57574408 11.59229519 11.21442965 11.60879403
 11.69127657 12.22683781 12.29403583 12.39013425 14.00923971 12.49625184
 18.99979125 23.37207715 17.02238156 12.05823247 11.95695335 12.18321698
 15.87650804 12.50201939 19.39369688 13.38268224 14.61929582 12.38263204
 19.07537305 13.33198165 15.61696994 12.09203331 13.05595073 11.79070966
 19.58884809 13.09528532 12.62607716 13.23323506 14.61452347 11.9896053
 12.32123792 13.34546749 12.62135345 15.98547305 15.13066287 13.05445727
 18.2077773  16.15500203 13.62166158 17.03011206 11.703935   13.50778181
 11.96822398 12.26316795 20.45067749 13.79400407 15.31021016 12.09636889
 20.71732759 12.71505731 12.31341734 12.04007145 12.16847487 14.45819872
 11.87379983 15.69810341 12.80305544 12.40954151 19.43202765 14.66218323
 12.4029485  11.6940223  14.47377942 12.49120448]",Aug_f_classif,7,0.05640292540192604,datamicroarray_chiaretti,128,12625,StratifiedKFold n_splits = 10
accuracy,0.9230769230769231,0.0009246088240457618,LogisticRegression,100,"['10113', '11853', '4286', '5678', '2897', '3844', '6207', '7260', '1177', '9461', '5768', '6007', '2872', '3493', '6859', '8108', '11372', '8056', '10591', '11577', '8042', '5098', '6706', '11228', '7682', '4276', '12318', '10331', '2635', '9808', '3221', '6030', '6554', '11363', '4742', '2455', '418', '7650', '3443', '3439', '11852', '6713', '7670', '7672', '154', '12238', '4402', '3392', '3388', '11555', '7251', '7109', '5210', '8658', '11508', '9929', '10262', '9916', '3733', '7610', '9822', '7375', '6564', '10298', '6598', '6701', '712', '713', '7883', '1151', '755', '2134', '9078', '3005', '9722', '10864', '7293', '7081', '329', '10578', '8053', '2802', '9194', '6938', '147', '10603', '8301', '270', '6334', '9513', '4249', '1015', '2564', '7432', '1901', '6653', '7072', '7', '9417', '2584', '0', '1', '2', '3', '4', '0_rbf', '1_rbf', '2_rbf', '3_rbf', '4_rbf']","[10.09922653 10.09994601 10.12562388 10.13218503 10.15756525 10.1696597
 10.18964736 10.38491308 10.21518398 10.21956056 10.28608122 10.28848805
 10.26039492 10.47866065 10.83634744 11.39120545 10.56000028 10.61376319
 10.58780422 10.72809942 11.23661882 10.90192142 10.52032336 11.27288765
 10.94971554 11.0208216  11.28280603 11.14575117 10.95792143 11.28805072
 10.66537768 11.06864252 11.1272867  11.13570135 11.47454514 11.5303408
 11.6918204  11.75812611 11.978824   11.79837975 11.56222015 11.7293241
 12.00662957 11.8421472  11.81229011 11.64679991 12.04770744 13.78022786
 12.47725354 12.20180626 12.84168605 13.59026607 15.3434253  12.54978698
 12.70034308 14.44770763 14.10217295 13.66687974 15.67266842 12.52428228
 17.00710251 13.09536457 12.96823382 20.39879616 14.63946425 19.2937701
 13.17402531 17.17998504 12.92588894 13.37427251 13.14645943 13.85000766
 17.15816477 15.44828335 17.83110181 15.26119147 13.39564718 19.44067116
 14.36931417 14.77427403 12.6709508  12.20680101 12.96632949 13.14867886
 15.37509349 21.92386088 12.17201492 13.26865421 21.46661794 13.5477684
 17.19878096 13.85195779 13.71591258 13.33371379 12.0643069  15.78382834
 14.53727901 12.34149932 12.21841338 12.91926295]",Aug_f_classif,8,0.056375082582235336,datamicroarray_chiaretti,128,12625,StratifiedKFold n_splits = 10
MCC,0.8642123963540457,0.0009246088240457618,LogisticRegression,100,"['10113', '11853', '4286', '5678', '2897', '3844', '6207', '7260', '1177', '9461', '5768', '6007', '2872', '3493', '6859', '8108', '11372', '8056', '10591', '11577', '8042', '5098', '6706', '11228', '7682', '4276', '12318', '10331', '2635', '9808', '3221', '6030', '6554', '11363', '4742', '2455', '418', '7650', '3443', '3439', '11852', '6713', '7670', '7672', '154', '12238', '4402', '3392', '3388', '11555', '7251', '7109', '5210', '8658', '11508', '9929', '10262', '9916', '3733', '7610', '9822', '7375', '6564', '10298', '6598', '6701', '712', '713', '7883', '1151', '755', '2134', '9078', '3005', '9722', '10864', '7293', '7081', '329', '10578', '8053', '2802', '9194', '6938', '147', '10603', '8301', '270', '6334', '9513', '4249', '1015', '2564', '7432', '1901', '6653', '7072', '7', '9417', '2584', '0', '1', '2', '3', '4', '0_rbf', '1_rbf', '2_rbf', '3_rbf', '4_rbf']","[10.09922653 10.09994601 10.12562388 10.13218503 10.15756525 10.1696597
 10.18964736 10.38491308 10.21518398 10.21956056 10.28608122 10.28848805
 10.26039492 10.47866065 10.83634744 11.39120545 10.56000028 10.61376319
 10.58780422 10.72809942 11.23661882 10.90192142 10.52032336 11.27288765
 10.94971554 11.0208216  11.28280603 11.14575117 10.95792143 11.28805072
 10.66537768 11.06864252 11.1272867  11.13570135 11.47454514 11.5303408
 11.6918204  11.75812611 11.978824   11.79837975 11.56222015 11.7293241
 12.00662957 11.8421472  11.81229011 11.64679991 12.04770744 13.78022786
 12.47725354 12.20180626 12.84168605 13.59026607 15.3434253  12.54978698
 12.70034308 14.44770763 14.10217295 13.66687974 15.67266842 12.52428228
 17.00710251 13.09536457 12.96823382 20.39879616 14.63946425 19.2937701
 13.17402531 17.17998504 12.92588894 13.37427251 13.14645943 13.85000766
 17.15816477 15.44828335 17.83110181 15.26119147 13.39564718 19.44067116
 14.36931417 14.77427403 12.6709508  12.20680101 12.96632949 13.14867886
 15.37509349 21.92386088 12.17201492 13.26865421 21.46661794 13.5477684
 17.19878096 13.85195779 13.71591258 13.33371379 12.0643069  15.78382834
 14.53727901 12.34149932 12.21841338 12.91926295]",Aug_f_classif,8,0.056375082582235336,datamicroarray_chiaretti,128,12625,StratifiedKFold n_splits = 10
AUC,0.9807692307692307,0.0009246088240457618,LogisticRegression,100,"['10113', '11853', '4286', '5678', '2897', '3844', '6207', '7260', '1177', '9461', '5768', '6007', '2872', '3493', '6859', '8108', '11372', '8056', '10591', '11577', '8042', '5098', '6706', '11228', '7682', '4276', '12318', '10331', '2635', '9808', '3221', '6030', '6554', '11363', '4742', '2455', '418', '7650', '3443', '3439', '11852', '6713', '7670', '7672', '154', '12238', '4402', '3392', '3388', '11555', '7251', '7109', '5210', '8658', '11508', '9929', '10262', '9916', '3733', '7610', '9822', '7375', '6564', '10298', '6598', '6701', '712', '713', '7883', '1151', '755', '2134', '9078', '3005', '9722', '10864', '7293', '7081', '329', '10578', '8053', '2802', '9194', '6938', '147', '10603', '8301', '270', '6334', '9513', '4249', '1015', '2564', '7432', '1901', '6653', '7072', '7', '9417', '2584', '0', '1', '2', '3', '4', '0_rbf', '1_rbf', '2_rbf', '3_rbf', '4_rbf']","[10.09922653 10.09994601 10.12562388 10.13218503 10.15756525 10.1696597
 10.18964736 10.38491308 10.21518398 10.21956056 10.28608122 10.28848805
 10.26039492 10.47866065 10.83634744 11.39120545 10.56000028 10.61376319
 10.58780422 10.72809942 11.23661882 10.90192142 10.52032336 11.27288765
 10.94971554 11.0208216  11.28280603 11.14575117 10.95792143 11.28805072
 10.66537768 11.06864252 11.1272867  11.13570135 11.47454514 11.5303408
 11.6918204  11.75812611 11.978824   11.79837975 11.56222015 11.7293241
 12.00662957 11.8421472  11.81229011 11.64679991 12.04770744 13.78022786
 12.47725354 12.20180626 12.84168605 13.59026607 15.3434253  12.54978698
 12.70034308 14.44770763 14.10217295 13.66687974 15.67266842 12.52428228
 17.00710251 13.09536457 12.96823382 20.39879616 14.63946425 19.2937701
 13.17402531 17.17998504 12.92588894 13.37427251 13.14645943 13.85000766
 17.15816477 15.44828335 17.83110181 15.26119147 13.39564718 19.44067116
 14.36931417 14.77427403 12.6709508  12.20680101 12.96632949 13.14867886
 15.37509349 21.92386088 12.17201492 13.26865421 21.46661794 13.5477684
 17.19878096 13.85195779 13.71591258 13.33371379 12.0643069  15.78382834
 14.53727901 12.34149932 12.21841338 12.91926295]",Aug_f_classif,8,0.056375082582235336,datamicroarray_chiaretti,128,12625,StratifiedKFold n_splits = 10
PR-AUC,0.9524161735700197,0.0009246088240457618,LogisticRegression,100,"['10113', '11853', '4286', '5678', '2897', '3844', '6207', '7260', '1177', '9461', '5768', '6007', '2872', '3493', '6859', '8108', '11372', '8056', '10591', '11577', '8042', '5098', '6706', '11228', '7682', '4276', '12318', '10331', '2635', '9808', '3221', '6030', '6554', '11363', '4742', '2455', '418', '7650', '3443', '3439', '11852', '6713', '7670', '7672', '154', '12238', '4402', '3392', '3388', '11555', '7251', '7109', '5210', '8658', '11508', '9929', '10262', '9916', '3733', '7610', '9822', '7375', '6564', '10298', '6598', '6701', '712', '713', '7883', '1151', '755', '2134', '9078', '3005', '9722', '10864', '7293', '7081', '329', '10578', '8053', '2802', '9194', '6938', '147', '10603', '8301', '270', '6334', '9513', '4249', '1015', '2564', '7432', '1901', '6653', '7072', '7', '9417', '2584', '0', '1', '2', '3', '4', '0_rbf', '1_rbf', '2_rbf', '3_rbf', '4_rbf']","[10.09922653 10.09994601 10.12562388 10.13218503 10.15756525 10.1696597
 10.18964736 10.38491308 10.21518398 10.21956056 10.28608122 10.28848805
 10.26039492 10.47866065 10.83634744 11.39120545 10.56000028 10.61376319
 10.58780422 10.72809942 11.23661882 10.90192142 10.52032336 11.27288765
 10.94971554 11.0208216  11.28280603 11.14575117 10.95792143 11.28805072
 10.66537768 11.06864252 11.1272867  11.13570135 11.47454514 11.5303408
 11.6918204  11.75812611 11.978824   11.79837975 11.56222015 11.7293241
 12.00662957 11.8421472  11.81229011 11.64679991 12.04770744 13.78022786
 12.47725354 12.20180626 12.84168605 13.59026607 15.3434253  12.54978698
 12.70034308 14.44770763 14.10217295 13.66687974 15.67266842 12.52428228
 17.00710251 13.09536457 12.96823382 20.39879616 14.63946425 19.2937701
 13.17402531 17.17998504 12.92588894 13.37427251 13.14645943 13.85000766
 17.15816477 15.44828335 17.83110181 15.26119147 13.39564718 19.44067116
 14.36931417 14.77427403 12.6709508  12.20680101 12.96632949 13.14867886
 15.37509349 21.92386088 12.17201492 13.26865421 21.46661794 13.5477684
 17.19878096 13.85195779 13.71591258 13.33371379 12.0643069  15.78382834
 14.53727901 12.34149932 12.21841338 12.91926295]",Aug_f_classif,8,0.056375082582235336,datamicroarray_chiaretti,128,12625,StratifiedKFold n_splits = 10
accuracy,1.0,0.000936599223521249,LogisticRegression,100,"['9461', '3493', '11569', '11175', '7835', '10591', '5768', '11855', '7549', '2398', '9808', '10182', '12238', '2134', '8056', '11372', '6007', '10262', '2635', '12318', '11298', '8128', '9460', '2455', '1613', '11577', '3221', '4742', '11228', '3439', '11852', '1800', '42', '1151', '11853', '9417', '7251', '7883', '9845', '2802', '8053', '7650', '871', '8301', '8108', '6706', '6859', '10331', '11056', '2584', '3844', '6564', '11555', '3127', '7672', '5678', '4402', '8464', '7109', '9194', '6653', '4249', '10298', '1015', '3005', '147', '154', '6938', '9513', '6701', '5210', '755', '713', '712', '3733', '7072', '9722', '9078', '11508', '10578', '10864', '7610', '9822', '7375', '7081', '7432', '6334', '2897', '10603', '6713', '7293', '9916', '9929', '3392', '3388', '7', '270', '329', '2564', '6598', '0', '1', '2', '3', '4', '0_rbf', '1_rbf', '2_rbf', '3_rbf', '4_rbf']","[ 8.29056412  8.32971081  8.36754124  8.37225823  8.38117686  8.48914096
  8.60799954  8.58499447  8.42100105  8.3838549   8.60006182  8.45681886
  8.67325602  8.90042848  8.84079459  8.78075912  8.71702946  8.81589782
  8.86226283  8.81470795  8.75320011  8.84700756  8.77151907  8.81992738
  8.76803391  8.76586633  8.85141717  8.70701354  8.93071972  9.53022649
  9.50772077  8.96350328  9.29407955  9.52766497  8.95960212  9.60740586
  9.00910501  9.77235495  9.44075193  9.46259794  9.69053519  9.5453035
  9.03393614  9.52476528  9.25919097  9.59990335  9.41504186  9.55391439
  9.50491534  9.64469468  9.19535849  9.8031523   9.56602427  8.97337217
  9.55791387  9.13261914  9.84059316  9.40495574  9.9231328  11.69945855
 13.9433209  14.10848592 17.0776771  10.72046667 12.35889071 12.65344749
 12.08364688 10.58669447 11.01932355 16.47196829 13.6740555  12.20983534
 13.92824326 10.51505603 10.0993842  10.32585661 14.39136825 15.58243007
 10.54184932 11.01204222 12.21183309 11.99419944 13.24055152 11.09921825
 13.47363505 12.1948161  16.21725505 10.04783229 16.14061316  9.96567635
 11.50151032 11.59607419 13.46977363 11.64143855 10.63325325 10.53880591
 11.48634394 10.92177916 12.46367494 11.01471156]",Aug_f_classif,9,0.06483990326523781,datamicroarray_chiaretti,128,12625,StratifiedKFold n_splits = 10
MCC,1.0,0.000936599223521249,LogisticRegression,100,"['9461', '3493', '11569', '11175', '7835', '10591', '5768', '11855', '7549', '2398', '9808', '10182', '12238', '2134', '8056', '11372', '6007', '10262', '2635', '12318', '11298', '8128', '9460', '2455', '1613', '11577', '3221', '4742', '11228', '3439', '11852', '1800', '42', '1151', '11853', '9417', '7251', '7883', '9845', '2802', '8053', '7650', '871', '8301', '8108', '6706', '6859', '10331', '11056', '2584', '3844', '6564', '11555', '3127', '7672', '5678', '4402', '8464', '7109', '9194', '6653', '4249', '10298', '1015', '3005', '147', '154', '6938', '9513', '6701', '5210', '755', '713', '712', '3733', '7072', '9722', '9078', '11508', '10578', '10864', '7610', '9822', '7375', '7081', '7432', '6334', '2897', '10603', '6713', '7293', '9916', '9929', '3392', '3388', '7', '270', '329', '2564', '6598', '0', '1', '2', '3', '4', '0_rbf', '1_rbf', '2_rbf', '3_rbf', '4_rbf']","[ 8.29056412  8.32971081  8.36754124  8.37225823  8.38117686  8.48914096
  8.60799954  8.58499447  8.42100105  8.3838549   8.60006182  8.45681886
  8.67325602  8.90042848  8.84079459  8.78075912  8.71702946  8.81589782
  8.86226283  8.81470795  8.75320011  8.84700756  8.77151907  8.81992738
  8.76803391  8.76586633  8.85141717  8.70701354  8.93071972  9.53022649
  9.50772077  8.96350328  9.29407955  9.52766497  8.95960212  9.60740586
  9.00910501  9.77235495  9.44075193  9.46259794  9.69053519  9.5453035
  9.03393614  9.52476528  9.25919097  9.59990335  9.41504186  9.55391439
  9.50491534  9.64469468  9.19535849  9.8031523   9.56602427  8.97337217
  9.55791387  9.13261914  9.84059316  9.40495574  9.9231328  11.69945855
 13.9433209  14.10848592 17.0776771  10.72046667 12.35889071 12.65344749
 12.08364688 10.58669447 11.01932355 16.47196829 13.6740555  12.20983534
 13.92824326 10.51505603 10.0993842  10.32585661 14.39136825 15.58243007
 10.54184932 11.01204222 12.21183309 11.99419944 13.24055152 11.09921825
 13.47363505 12.1948161  16.21725505 10.04783229 16.14061316  9.96567635
 11.50151032 11.59607419 13.46977363 11.64143855 10.63325325 10.53880591
 11.48634394 10.92177916 12.46367494 11.01471156]",Aug_f_classif,9,0.06483990326523781,datamicroarray_chiaretti,128,12625,StratifiedKFold n_splits = 10
AUC,1.0,0.000936599223521249,LogisticRegression,100,"['9461', '3493', '11569', '11175', '7835', '10591', '5768', '11855', '7549', '2398', '9808', '10182', '12238', '2134', '8056', '11372', '6007', '10262', '2635', '12318', '11298', '8128', '9460', '2455', '1613', '11577', '3221', '4742', '11228', '3439', '11852', '1800', '42', '1151', '11853', '9417', '7251', '7883', '9845', '2802', '8053', '7650', '871', '8301', '8108', '6706', '6859', '10331', '11056', '2584', '3844', '6564', '11555', '3127', '7672', '5678', '4402', '8464', '7109', '9194', '6653', '4249', '10298', '1015', '3005', '147', '154', '6938', '9513', '6701', '5210', '755', '713', '712', '3733', '7072', '9722', '9078', '11508', '10578', '10864', '7610', '9822', '7375', '7081', '7432', '6334', '2897', '10603', '6713', '7293', '9916', '9929', '3392', '3388', '7', '270', '329', '2564', '6598', '0', '1', '2', '3', '4', '0_rbf', '1_rbf', '2_rbf', '3_rbf', '4_rbf']","[ 8.29056412  8.32971081  8.36754124  8.37225823  8.38117686  8.48914096
  8.60799954  8.58499447  8.42100105  8.3838549   8.60006182  8.45681886
  8.67325602  8.90042848  8.84079459  8.78075912  8.71702946  8.81589782
  8.86226283  8.81470795  8.75320011  8.84700756  8.77151907  8.81992738
  8.76803391  8.76586633  8.85141717  8.70701354  8.93071972  9.53022649
  9.50772077  8.96350328  9.29407955  9.52766497  8.95960212  9.60740586
  9.00910501  9.77235495  9.44075193  9.46259794  9.69053519  9.5453035
  9.03393614  9.52476528  9.25919097  9.59990335  9.41504186  9.55391439
  9.50491534  9.64469468  9.19535849  9.8031523   9.56602427  8.97337217
  9.55791387  9.13261914  9.84059316  9.40495574  9.9231328  11.69945855
 13.9433209  14.10848592 17.0776771  10.72046667 12.35889071 12.65344749
 12.08364688 10.58669447 11.01932355 16.47196829 13.6740555  12.20983534
 13.92824326 10.51505603 10.0993842  10.32585661 14.39136825 15.58243007
 10.54184932 11.01204222 12.21183309 11.99419944 13.24055152 11.09921825
 13.47363505 12.1948161  16.21725505 10.04783229 16.14061316  9.96567635
 11.50151032 11.59607419 13.46977363 11.64143855 10.63325325 10.53880591
 11.48634394 10.92177916 12.46367494 11.01471156]",Aug_f_classif,9,0.06483990326523781,datamicroarray_chiaretti,128,12625,StratifiedKFold n_splits = 10
PR-AUC,1.0,0.000936599223521249,LogisticRegression,100,"['9461', '3493', '11569', '11175', '7835', '10591', '5768', '11855', '7549', '2398', '9808', '10182', '12238', '2134', '8056', '11372', '6007', '10262', '2635', '12318', '11298', '8128', '9460', '2455', '1613', '11577', '3221', '4742', '11228', '3439', '11852', '1800', '42', '1151', '11853', '9417', '7251', '7883', '9845', '2802', '8053', '7650', '871', '8301', '8108', '6706', '6859', '10331', '11056', '2584', '3844', '6564', '11555', '3127', '7672', '5678', '4402', '8464', '7109', '9194', '6653', '4249', '10298', '1015', '3005', '147', '154', '6938', '9513', '6701', '5210', '755', '713', '712', '3733', '7072', '9722', '9078', '11508', '10578', '10864', '7610', '9822', '7375', '7081', '7432', '6334', '2897', '10603', '6713', '7293', '9916', '9929', '3392', '3388', '7', '270', '329', '2564', '6598', '0', '1', '2', '3', '4', '0_rbf', '1_rbf', '2_rbf', '3_rbf', '4_rbf']","[ 8.29056412  8.32971081  8.36754124  8.37225823  8.38117686  8.48914096
  8.60799954  8.58499447  8.42100105  8.3838549   8.60006182  8.45681886
  8.67325602  8.90042848  8.84079459  8.78075912  8.71702946  8.81589782
  8.86226283  8.81470795  8.75320011  8.84700756  8.77151907  8.81992738
  8.76803391  8.76586633  8.85141717  8.70701354  8.93071972  9.53022649
  9.50772077  8.96350328  9.29407955  9.52766497  8.95960212  9.60740586
  9.00910501  9.77235495  9.44075193  9.46259794  9.69053519  9.5453035
  9.03393614  9.52476528  9.25919097  9.59990335  9.41504186  9.55391439
  9.50491534  9.64469468  9.19535849  9.8031523   9.56602427  8.97337217
  9.55791387  9.13261914  9.84059316  9.40495574  9.9231328  11.69945855
 13.9433209  14.10848592 17.0776771  10.72046667 12.35889071 12.65344749
 12.08364688 10.58669447 11.01932355 16.47196829 13.6740555  12.20983534
 13.92824326 10.51505603 10.0993842  10.32585661 14.39136825 15.58243007
 10.54184932 11.01204222 12.21183309 11.99419944 13.24055152 11.09921825
 13.47363505 12.1948161  16.21725505 10.04783229 16.14061316  9.96567635
 11.50151032 11.59607419 13.46977363 11.64143855 10.63325325 10.53880591
 11.48634394 10.92177916 12.46367494 11.01471156]",Aug_f_classif,9,0.06483990326523781,datamicroarray_chiaretti,128,12625,StratifiedKFold n_splits = 10
accuracy,1.0,0.0009480880188017056,LogisticRegression,100,"['2398', '11175', '8080', '8056', '9460', '10331', '6564', '42', '2635', '4742', '2802', '154', '10262', '1800', '2872', '418', '11228', '1151', '8301', '10591', '871', '10182', '2134', '2897', '6859', '4286', '4276', '3443', '12238', '10143', '7', '7549', '2584', '10113', '6964', '8464', '9417', '3221', '8419', '6030', '3493', '6207', '9808', '11546', '7375', '11555', '9873', '2455', '4033', '3844', '11577', '9845', '6706', '4402', '9194', '7251', '11508', '7883', '8128', '6713', '10578', '7109', '7432', '9822', '9722', '7293', '3388', '270', '7081', '1015', '7072', '3392', '9916', '9078', '9929', '3005', '7610', '3439', '6938', '6334', '4249', '7650', '7672', '755', '713', '712', '10298', '8053', '5210', '8108', '10864', '6598', '147', '2564', '329', '10603', '6701', '3733', '6653', '9513', '0', '1', '2', '3', '4', '0_rbf', '1_rbf', '2_rbf', '3_rbf', '4_rbf']","[ 8.24312656  8.24342785  8.68658716  9.1226633   8.60581779  9.79817883
  9.79475636  8.49289252  9.01911166  9.02430275  8.39961845  9.58356206
  9.45475982  9.69187505  8.26261371  9.514115    8.8919489   8.41394186
  9.79421806  8.28208694  8.61755872  9.49764358  8.70874764  9.56418824
  8.4818231   8.35054502  8.6196553   8.57789972  8.4818688   8.29951996
  9.85653521  8.26716203  9.49734888  8.3637082   8.39745788  9.42064164
  8.270593    9.79623795  8.4716677   8.70976273  8.61138652  9.48072051
  8.74000974  8.68464388  9.82005062  9.19746161  8.3707878   8.70147454
  8.35040921  9.19884148  8.34618714  8.33525706  8.5667769   9.85913455
  9.97267157  9.90734335  9.90311827  9.99163411  9.95881592  9.91736746
  9.93648059 10.03957879 10.06059921 14.7783792  14.45031489 10.41906504
 10.62937807 10.51353199 13.42811803 10.98934971 11.15139608 11.21358873
 11.71720403 14.07948383 14.46229087 12.16040838 10.42810497 10.26342027
 11.25375056 16.90857618 13.26910815 10.57726438 10.17351939 12.17736876
 14.86527389 11.927342   16.52576335 10.72378597 11.27553551 10.38466477
 13.52800413 10.71855262 13.65199704 11.81251808 10.96670163 15.85663177
 15.50752302 10.12384421 12.69226741 10.60152233]",Aug_f_classif,10,0.05566932260990143,datamicroarray_chiaretti,128,12625,StratifiedKFold n_splits = 10
MCC,1.0,0.0009480880188017056,LogisticRegression,100,"['2398', '11175', '8080', '8056', '9460', '10331', '6564', '42', '2635', '4742', '2802', '154', '10262', '1800', '2872', '418', '11228', '1151', '8301', '10591', '871', '10182', '2134', '2897', '6859', '4286', '4276', '3443', '12238', '10143', '7', '7549', '2584', '10113', '6964', '8464', '9417', '3221', '8419', '6030', '3493', '6207', '9808', '11546', '7375', '11555', '9873', '2455', '4033', '3844', '11577', '9845', '6706', '4402', '9194', '7251', '11508', '7883', '8128', '6713', '10578', '7109', '7432', '9822', '9722', '7293', '3388', '270', '7081', '1015', '7072', '3392', '9916', '9078', '9929', '3005', '7610', '3439', '6938', '6334', '4249', '7650', '7672', '755', '713', '712', '10298', '8053', '5210', '8108', '10864', '6598', '147', '2564', '329', '10603', '6701', '3733', '6653', '9513', '0', '1', '2', '3', '4', '0_rbf', '1_rbf', '2_rbf', '3_rbf', '4_rbf']","[ 8.24312656  8.24342785  8.68658716  9.1226633   8.60581779  9.79817883
  9.79475636  8.49289252  9.01911166  9.02430275  8.39961845  9.58356206
  9.45475982  9.69187505  8.26261371  9.514115    8.8919489   8.41394186
  9.79421806  8.28208694  8.61755872  9.49764358  8.70874764  9.56418824
  8.4818231   8.35054502  8.6196553   8.57789972  8.4818688   8.29951996
  9.85653521  8.26716203  9.49734888  8.3637082   8.39745788  9.42064164
  8.270593    9.79623795  8.4716677   8.70976273  8.61138652  9.48072051
  8.74000974  8.68464388  9.82005062  9.19746161  8.3707878   8.70147454
  8.35040921  9.19884148  8.34618714  8.33525706  8.5667769   9.85913455
  9.97267157  9.90734335  9.90311827  9.99163411  9.95881592  9.91736746
  9.93648059 10.03957879 10.06059921 14.7783792  14.45031489 10.41906504
 10.62937807 10.51353199 13.42811803 10.98934971 11.15139608 11.21358873
 11.71720403 14.07948383 14.46229087 12.16040838 10.42810497 10.26342027
 11.25375056 16.90857618 13.26910815 10.57726438 10.17351939 12.17736876
 14.86527389 11.927342   16.52576335 10.72378597 11.27553551 10.38466477
 13.52800413 10.71855262 13.65199704 11.81251808 10.96670163 15.85663177
 15.50752302 10.12384421 12.69226741 10.60152233]",Aug_f_classif,10,0.05566932260990143,datamicroarray_chiaretti,128,12625,StratifiedKFold n_splits = 10
AUC,1.0,0.0009480880188017056,LogisticRegression,100,"['2398', '11175', '8080', '8056', '9460', '10331', '6564', '42', '2635', '4742', '2802', '154', '10262', '1800', '2872', '418', '11228', '1151', '8301', '10591', '871', '10182', '2134', '2897', '6859', '4286', '4276', '3443', '12238', '10143', '7', '7549', '2584', '10113', '6964', '8464', '9417', '3221', '8419', '6030', '3493', '6207', '9808', '11546', '7375', '11555', '9873', '2455', '4033', '3844', '11577', '9845', '6706', '4402', '9194', '7251', '11508', '7883', '8128', '6713', '10578', '7109', '7432', '9822', '9722', '7293', '3388', '270', '7081', '1015', '7072', '3392', '9916', '9078', '9929', '3005', '7610', '3439', '6938', '6334', '4249', '7650', '7672', '755', '713', '712', '10298', '8053', '5210', '8108', '10864', '6598', '147', '2564', '329', '10603', '6701', '3733', '6653', '9513', '0', '1', '2', '3', '4', '0_rbf', '1_rbf', '2_rbf', '3_rbf', '4_rbf']","[ 8.24312656  8.24342785  8.68658716  9.1226633   8.60581779  9.79817883
  9.79475636  8.49289252  9.01911166  9.02430275  8.39961845  9.58356206
  9.45475982  9.69187505  8.26261371  9.514115    8.8919489   8.41394186
  9.79421806  8.28208694  8.61755872  9.49764358  8.70874764  9.56418824
  8.4818231   8.35054502  8.6196553   8.57789972  8.4818688   8.29951996
  9.85653521  8.26716203  9.49734888  8.3637082   8.39745788  9.42064164
  8.270593    9.79623795  8.4716677   8.70976273  8.61138652  9.48072051
  8.74000974  8.68464388  9.82005062  9.19746161  8.3707878   8.70147454
  8.35040921  9.19884148  8.34618714  8.33525706  8.5667769   9.85913455
  9.97267157  9.90734335  9.90311827  9.99163411  9.95881592  9.91736746
  9.93648059 10.03957879 10.06059921 14.7783792  14.45031489 10.41906504
 10.62937807 10.51353199 13.42811803 10.98934971 11.15139608 11.21358873
 11.71720403 14.07948383 14.46229087 12.16040838 10.42810497 10.26342027
 11.25375056 16.90857618 13.26910815 10.57726438 10.17351939 12.17736876
 14.86527389 11.927342   16.52576335 10.72378597 11.27553551 10.38466477
 13.52800413 10.71855262 13.65199704 11.81251808 10.96670163 15.85663177
 15.50752302 10.12384421 12.69226741 10.60152233]",Aug_f_classif,10,0.05566932260990143,datamicroarray_chiaretti,128,12625,StratifiedKFold n_splits = 10
PR-AUC,1.0,0.0009480880188017056,LogisticRegression,100,"['2398', '11175', '8080', '8056', '9460', '10331', '6564', '42', '2635', '4742', '2802', '154', '10262', '1800', '2872', '418', '11228', '1151', '8301', '10591', '871', '10182', '2134', '2897', '6859', '4286', '4276', '3443', '12238', '10143', '7', '7549', '2584', '10113', '6964', '8464', '9417', '3221', '8419', '6030', '3493', '6207', '9808', '11546', '7375', '11555', '9873', '2455', '4033', '3844', '11577', '9845', '6706', '4402', '9194', '7251', '11508', '7883', '8128', '6713', '10578', '7109', '7432', '9822', '9722', '7293', '3388', '270', '7081', '1015', '7072', '3392', '9916', '9078', '9929', '3005', '7610', '3439', '6938', '6334', '4249', '7650', '7672', '755', '713', '712', '10298', '8053', '5210', '8108', '10864', '6598', '147', '2564', '329', '10603', '6701', '3733', '6653', '9513', '0', '1', '2', '3', '4', '0_rbf', '1_rbf', '2_rbf', '3_rbf', '4_rbf']","[ 8.24312656  8.24342785  8.68658716  9.1226633   8.60581779  9.79817883
  9.79475636  8.49289252  9.01911166  9.02430275  8.39961845  9.58356206
  9.45475982  9.69187505  8.26261371  9.514115    8.8919489   8.41394186
  9.79421806  8.28208694  8.61755872  9.49764358  8.70874764  9.56418824
  8.4818231   8.35054502  8.6196553   8.57789972  8.4818688   8.29951996
  9.85653521  8.26716203  9.49734888  8.3637082   8.39745788  9.42064164
  8.270593    9.79623795  8.4716677   8.70976273  8.61138652  9.48072051
  8.74000974  8.68464388  9.82005062  9.19746161  8.3707878   8.70147454
  8.35040921  9.19884148  8.34618714  8.33525706  8.5667769   9.85913455
  9.97267157  9.90734335  9.90311827  9.99163411  9.95881592  9.91736746
  9.93648059 10.03957879 10.06059921 14.7783792  14.45031489 10.41906504
 10.62937807 10.51353199 13.42811803 10.98934971 11.15139608 11.21358873
 11.71720403 14.07948383 14.46229087 12.16040838 10.42810497 10.26342027
 11.25375056 16.90857618 13.26910815 10.57726438 10.17351939 12.17736876
 14.86527389 11.927342   16.52576335 10.72378597 11.27553551 10.38466477
 13.52800413 10.71855262 13.65199704 11.81251808 10.96670163 15.85663177
 15.50752302 10.12384421 12.69226741 10.60152233]",Aug_f_classif,10,0.05566932260990143,datamicroarray_chiaretti,128,12625,StratifiedKFold n_splits = 10
