accuracy,0.85,0.0002196987717421633,SVC,100,"['85', '6958', '5377', '5983', '7801', '7073', '2410', '6394', '4069', '854', '6427', '5760', '4668', '5872', '4925', '4967', '1424', '1340', '7856', '6138', '4583', '8805', '890', '8054', '2943', '4440', '4734', '2603', '5176', '3947', '7291', '3099', '9452', '106', '6352', '7248', '728', '9274', '6162', '8457', '2368', '7219', '422', '2030', '6088', '757', '1935', '5484', '275', '5186', '2167', '6294', '7262', '965', '8057', '2776', '4395', '4974', '9923', '5114', '818', '5302', '8404', '9832', '9964', '8289', '4820', '9817', '9214', '1608', '4489', '8155', '5682', '2782', '1000', '1830', '1838', '217', '9043', '3687', '1907', '9981', '5878', '9328', '591', '6179', '9393', '2400', '6407', '2439', '6471', '2461', '6486', '381', '2529', '6565', '2636', '6646', '420', '5004', '0', '1', '2', '3', '4', '0_rbf', '1_rbf', '2_rbf', '3_rbf', '4_rbf']","[51.08331011 51.21761588 51.34886378 51.80884572 52.15603441 52.07702714
 52.57036176 51.80576802 51.76651546 52.22346393 52.50535552 51.410662
 51.76927575 51.67778433 52.64590556 52.72660177 52.54511479 51.81799537
 52.55652422 52.75039721 55.3414176  53.53902865 55.1463672  54.42083008
 54.06905692 53.89347676 53.36918208 54.99351678 53.97816112 55.41004956
 54.72430565 55.37860624 53.57932212 53.94938261 53.41796791 52.83581313
 54.62464691 55.01661579 54.18227793 54.55584452 55.53782292 53.85897873
 54.324988   55.66240046 56.74897446 56.35496028 56.71410349 55.95168444
 57.34247327 57.66823046 57.71983183 57.65556174 57.42618119 55.76053788
 55.76862188 57.8690789  68.04222551 60.35717405 67.13020451 61.83363157
 70.82034478 63.13934405 67.58104279 69.21214292 74.23412664 61.5304663
 59.77444824 67.31909861 73.59751014 59.54602122 58.78268545 76.88347183
 57.99820377 66.51611383 67.39803568 77.09111729 58.1264604  70.38795667
 71.52416669 60.1105456  61.38538846 65.59551224 59.06536365 59.12946742
 58.16374405 71.11388932 59.58721681 64.16948485 59.64226063 67.51699601
 61.31261598 59.20015731 70.37095795 62.51125748 62.94852612 67.46058572
 61.30981059 61.44265081 72.05450071 64.85189771]",Aug_ReliefF,1,0.9082610751502216,scikit_arcene,200,9961,StratifiedKFold n_splits = 10
MCC,0.7385489458759964,0.0002196987717421633,SVC,100,"['85', '6958', '5377', '5983', '7801', '7073', '2410', '6394', '4069', '854', '6427', '5760', '4668', '5872', '4925', '4967', '1424', '1340', '7856', '6138', '4583', '8805', '890', '8054', '2943', '4440', '4734', '2603', '5176', '3947', '7291', '3099', '9452', '106', '6352', '7248', '728', '9274', '6162', '8457', '2368', '7219', '422', '2030', '6088', '757', '1935', '5484', '275', '5186', '2167', '6294', '7262', '965', '8057', '2776', '4395', '4974', '9923', '5114', '818', '5302', '8404', '9832', '9964', '8289', '4820', '9817', '9214', '1608', '4489', '8155', '5682', '2782', '1000', '1830', '1838', '217', '9043', '3687', '1907', '9981', '5878', '9328', '591', '6179', '9393', '2400', '6407', '2439', '6471', '2461', '6486', '381', '2529', '6565', '2636', '6646', '420', '5004', '0', '1', '2', '3', '4', '0_rbf', '1_rbf', '2_rbf', '3_rbf', '4_rbf']","[51.08331011 51.21761588 51.34886378 51.80884572 52.15603441 52.07702714
 52.57036176 51.80576802 51.76651546 52.22346393 52.50535552 51.410662
 51.76927575 51.67778433 52.64590556 52.72660177 52.54511479 51.81799537
 52.55652422 52.75039721 55.3414176  53.53902865 55.1463672  54.42083008
 54.06905692 53.89347676 53.36918208 54.99351678 53.97816112 55.41004956
 54.72430565 55.37860624 53.57932212 53.94938261 53.41796791 52.83581313
 54.62464691 55.01661579 54.18227793 54.55584452 55.53782292 53.85897873
 54.324988   55.66240046 56.74897446 56.35496028 56.71410349 55.95168444
 57.34247327 57.66823046 57.71983183 57.65556174 57.42618119 55.76053788
 55.76862188 57.8690789  68.04222551 60.35717405 67.13020451 61.83363157
 70.82034478 63.13934405 67.58104279 69.21214292 74.23412664 61.5304663
 59.77444824 67.31909861 73.59751014 59.54602122 58.78268545 76.88347183
 57.99820377 66.51611383 67.39803568 77.09111729 58.1264604  70.38795667
 71.52416669 60.1105456  61.38538846 65.59551224 59.06536365 59.12946742
 58.16374405 71.11388932 59.58721681 64.16948485 59.64226063 67.51699601
 61.31261598 59.20015731 70.37095795 62.51125748 62.94852612 67.46058572
 61.30981059 61.44265081 72.05450071 64.85189771]",Aug_ReliefF,1,0.9082610751502216,scikit_arcene,200,9961,StratifiedKFold n_splits = 10
AUC,0.9292929292929293,0.0002196987717421633,SVC,100,"['85', '6958', '5377', '5983', '7801', '7073', '2410', '6394', '4069', '854', '6427', '5760', '4668', '5872', '4925', '4967', '1424', '1340', '7856', '6138', '4583', '8805', '890', '8054', '2943', '4440', '4734', '2603', '5176', '3947', '7291', '3099', '9452', '106', '6352', '7248', '728', '9274', '6162', '8457', '2368', '7219', '422', '2030', '6088', '757', '1935', '5484', '275', '5186', '2167', '6294', '7262', '965', '8057', '2776', '4395', '4974', '9923', '5114', '818', '5302', '8404', '9832', '9964', '8289', '4820', '9817', '9214', '1608', '4489', '8155', '5682', '2782', '1000', '1830', '1838', '217', '9043', '3687', '1907', '9981', '5878', '9328', '591', '6179', '9393', '2400', '6407', '2439', '6471', '2461', '6486', '381', '2529', '6565', '2636', '6646', '420', '5004', '0', '1', '2', '3', '4', '0_rbf', '1_rbf', '2_rbf', '3_rbf', '4_rbf']","[51.08331011 51.21761588 51.34886378 51.80884572 52.15603441 52.07702714
 52.57036176 51.80576802 51.76651546 52.22346393 52.50535552 51.410662
 51.76927575 51.67778433 52.64590556 52.72660177 52.54511479 51.81799537
 52.55652422 52.75039721 55.3414176  53.53902865 55.1463672  54.42083008
 54.06905692 53.89347676 53.36918208 54.99351678 53.97816112 55.41004956
 54.72430565 55.37860624 53.57932212 53.94938261 53.41796791 52.83581313
 54.62464691 55.01661579 54.18227793 54.55584452 55.53782292 53.85897873
 54.324988   55.66240046 56.74897446 56.35496028 56.71410349 55.95168444
 57.34247327 57.66823046 57.71983183 57.65556174 57.42618119 55.76053788
 55.76862188 57.8690789  68.04222551 60.35717405 67.13020451 61.83363157
 70.82034478 63.13934405 67.58104279 69.21214292 74.23412664 61.5304663
 59.77444824 67.31909861 73.59751014 59.54602122 58.78268545 76.88347183
 57.99820377 66.51611383 67.39803568 77.09111729 58.1264604  70.38795667
 71.52416669 60.1105456  61.38538846 65.59551224 59.06536365 59.12946742
 58.16374405 71.11388932 59.58721681 64.16948485 59.64226063 67.51699601
 61.31261598 59.20015731 70.37095795 62.51125748 62.94852612 67.46058572
 61.30981059 61.44265081 72.05450071 64.85189771]",Aug_ReliefF,1,0.9082610751502216,scikit_arcene,200,9961,StratifiedKFold n_splits = 10
PR-AUC,0.9115961199294533,0.0002196987717421633,SVC,100,"['85', '6958', '5377', '5983', '7801', '7073', '2410', '6394', '4069', '854', '6427', '5760', '4668', '5872', '4925', '4967', '1424', '1340', '7856', '6138', '4583', '8805', '890', '8054', '2943', '4440', '4734', '2603', '5176', '3947', '7291', '3099', '9452', '106', '6352', '7248', '728', '9274', '6162', '8457', '2368', '7219', '422', '2030', '6088', '757', '1935', '5484', '275', '5186', '2167', '6294', '7262', '965', '8057', '2776', '4395', '4974', '9923', '5114', '818', '5302', '8404', '9832', '9964', '8289', '4820', '9817', '9214', '1608', '4489', '8155', '5682', '2782', '1000', '1830', '1838', '217', '9043', '3687', '1907', '9981', '5878', '9328', '591', '6179', '9393', '2400', '6407', '2439', '6471', '2461', '6486', '381', '2529', '6565', '2636', '6646', '420', '5004', '0', '1', '2', '3', '4', '0_rbf', '1_rbf', '2_rbf', '3_rbf', '4_rbf']","[51.08331011 51.21761588 51.34886378 51.80884572 52.15603441 52.07702714
 52.57036176 51.80576802 51.76651546 52.22346393 52.50535552 51.410662
 51.76927575 51.67778433 52.64590556 52.72660177 52.54511479 51.81799537
 52.55652422 52.75039721 55.3414176  53.53902865 55.1463672  54.42083008
 54.06905692 53.89347676 53.36918208 54.99351678 53.97816112 55.41004956
 54.72430565 55.37860624 53.57932212 53.94938261 53.41796791 52.83581313
 54.62464691 55.01661579 54.18227793 54.55584452 55.53782292 53.85897873
 54.324988   55.66240046 56.74897446 56.35496028 56.71410349 55.95168444
 57.34247327 57.66823046 57.71983183 57.65556174 57.42618119 55.76053788
 55.76862188 57.8690789  68.04222551 60.35717405 67.13020451 61.83363157
 70.82034478 63.13934405 67.58104279 69.21214292 74.23412664 61.5304663
 59.77444824 67.31909861 73.59751014 59.54602122 58.78268545 76.88347183
 57.99820377 66.51611383 67.39803568 77.09111729 58.1264604  70.38795667
 71.52416669 60.1105456  61.38538846 65.59551224 59.06536365 59.12946742
 58.16374405 71.11388932 59.58721681 64.16948485 59.64226063 67.51699601
 61.31261598 59.20015731 70.37095795 62.51125748 62.94852612 67.46058572
 61.30981059 61.44265081 72.05450071 64.85189771]",Aug_ReliefF,1,0.9082610751502216,scikit_arcene,200,9961,StratifiedKFold n_splits = 10
accuracy,0.75,0.00020478836532755948,SVC,100,"['7376', '4068', '6407', '2902', '166', '1598', '943', '2461', '6950', '198', '6394', '1197', '4274', '33', '2255', '9043', '897', '5067', '890', '5679', '5760', '5888', '6272', '4325', '854', '3763', '4925', '7291', '3099', '4668', '4734', '8684', '5416', '4440', '7262', '7239', '1313', '9548', '8457', '5186', '965', '9923', '4489', '4583', '1000', '1830', '1838', '1907', '818', '4395', '2030', '9832', '757', '2167', '6958', '8054', '728', '8057', '9817', '2368', '8155', '4820', '2400', '1340', '9964', '6646', '2439', '6565', '2529', '6486', '9214', '6471', '591', '2636', '6352', '9274', '6294', '8289', '2776', '9328', '6179', '9981', '2782', '6162', '9393', '217', '5878', '3687', '5872', '422', '420', '5682', '381', '5484', '8404', '5114', '5377', '5302', '275', '5004', '0', '1', '2', '3', '4', '0_rbf', '1_rbf', '2_rbf', '3_rbf', '4_rbf']","[52.76775836 52.88047324 52.88616342 53.1416184  53.19379314 53.32178854
 53.28196246 53.32425008 53.93151783 53.52156523 53.56908189 53.50695396
 53.85444833 53.93646873 55.46185619 56.52666622 54.61994874 54.14782129
 57.39017435 54.23344581 56.59219442 55.08908401 56.85551362 55.72643771
 54.69402957 54.87323151 55.63798818 57.45101915 56.34529639 54.39098168
 55.85271622 54.16540698 54.89719732 55.67709199 55.59163741 57.31113466
 55.0466629  54.0979667  55.33089876 57.61810034 58.0906927  66.32186799
 69.59644035 64.64442936 66.45366097 83.90218588 64.79431027 67.68913746
 74.11809742 66.56554097 60.49870444 67.87995435 63.2740532  62.95910477
 58.29039457 61.13172704 63.2389702  58.401419   75.89288191 62.04053929
 81.43046648 66.44034145 62.42133972 57.72994033 78.26513851 70.73520984
 66.3040152  67.46058572 63.71392504 69.77793814 82.00955492 63.47243889
 65.97131064 63.80569798 63.73678009 62.52424648 59.46820997 60.39168921
 58.207355   61.44259714 70.27896974 65.57780161 69.39410318 63.46695571
 61.29388101 69.34499233 62.03741707 65.95252828 59.40773371 59.04307609
 59.35815633 64.04424395 60.78639492 57.98735969 67.39021004 67.73010101
 59.4652593  63.35272497 61.96573896 60.58377612]",Aug_ReliefF,2,1.2912938699591905,scikit_arcene,200,9961,StratifiedKFold n_splits = 10
MCC,0.502518907629606,0.00020478836532755948,SVC,100,"['7376', '4068', '6407', '2902', '166', '1598', '943', '2461', '6950', '198', '6394', '1197', '4274', '33', '2255', '9043', '897', '5067', '890', '5679', '5760', '5888', '6272', '4325', '854', '3763', '4925', '7291', '3099', '4668', '4734', '8684', '5416', '4440', '7262', '7239', '1313', '9548', '8457', '5186', '965', '9923', '4489', '4583', '1000', '1830', '1838', '1907', '818', '4395', '2030', '9832', '757', '2167', '6958', '8054', '728', '8057', '9817', '2368', '8155', '4820', '2400', '1340', '9964', '6646', '2439', '6565', '2529', '6486', '9214', '6471', '591', '2636', '6352', '9274', '6294', '8289', '2776', '9328', '6179', '9981', '2782', '6162', '9393', '217', '5878', '3687', '5872', '422', '420', '5682', '381', '5484', '8404', '5114', '5377', '5302', '275', '5004', '0', '1', '2', '3', '4', '0_rbf', '1_rbf', '2_rbf', '3_rbf', '4_rbf']","[52.76775836 52.88047324 52.88616342 53.1416184  53.19379314 53.32178854
 53.28196246 53.32425008 53.93151783 53.52156523 53.56908189 53.50695396
 53.85444833 53.93646873 55.46185619 56.52666622 54.61994874 54.14782129
 57.39017435 54.23344581 56.59219442 55.08908401 56.85551362 55.72643771
 54.69402957 54.87323151 55.63798818 57.45101915 56.34529639 54.39098168
 55.85271622 54.16540698 54.89719732 55.67709199 55.59163741 57.31113466
 55.0466629  54.0979667  55.33089876 57.61810034 58.0906927  66.32186799
 69.59644035 64.64442936 66.45366097 83.90218588 64.79431027 67.68913746
 74.11809742 66.56554097 60.49870444 67.87995435 63.2740532  62.95910477
 58.29039457 61.13172704 63.2389702  58.401419   75.89288191 62.04053929
 81.43046648 66.44034145 62.42133972 57.72994033 78.26513851 70.73520984
 66.3040152  67.46058572 63.71392504 69.77793814 82.00955492 63.47243889
 65.97131064 63.80569798 63.73678009 62.52424648 59.46820997 60.39168921
 58.207355   61.44259714 70.27896974 65.57780161 69.39410318 63.46695571
 61.29388101 69.34499233 62.03741707 65.95252828 59.40773371 59.04307609
 59.35815633 64.04424395 60.78639492 57.98735969 67.39021004 67.73010101
 59.4652593  63.35272497 61.96573896 60.58377612]",Aug_ReliefF,2,1.2912938699591905,scikit_arcene,200,9961,StratifiedKFold n_splits = 10
AUC,0.7777777777777777,0.00020478836532755948,SVC,100,"['7376', '4068', '6407', '2902', '166', '1598', '943', '2461', '6950', '198', '6394', '1197', '4274', '33', '2255', '9043', '897', '5067', '890', '5679', '5760', '5888', '6272', '4325', '854', '3763', '4925', '7291', '3099', '4668', '4734', '8684', '5416', '4440', '7262', '7239', '1313', '9548', '8457', '5186', '965', '9923', '4489', '4583', '1000', '1830', '1838', '1907', '818', '4395', '2030', '9832', '757', '2167', '6958', '8054', '728', '8057', '9817', '2368', '8155', '4820', '2400', '1340', '9964', '6646', '2439', '6565', '2529', '6486', '9214', '6471', '591', '2636', '6352', '9274', '6294', '8289', '2776', '9328', '6179', '9981', '2782', '6162', '9393', '217', '5878', '3687', '5872', '422', '420', '5682', '381', '5484', '8404', '5114', '5377', '5302', '275', '5004', '0', '1', '2', '3', '4', '0_rbf', '1_rbf', '2_rbf', '3_rbf', '4_rbf']","[52.76775836 52.88047324 52.88616342 53.1416184  53.19379314 53.32178854
 53.28196246 53.32425008 53.93151783 53.52156523 53.56908189 53.50695396
 53.85444833 53.93646873 55.46185619 56.52666622 54.61994874 54.14782129
 57.39017435 54.23344581 56.59219442 55.08908401 56.85551362 55.72643771
 54.69402957 54.87323151 55.63798818 57.45101915 56.34529639 54.39098168
 55.85271622 54.16540698 54.89719732 55.67709199 55.59163741 57.31113466
 55.0466629  54.0979667  55.33089876 57.61810034 58.0906927  66.32186799
 69.59644035 64.64442936 66.45366097 83.90218588 64.79431027 67.68913746
 74.11809742 66.56554097 60.49870444 67.87995435 63.2740532  62.95910477
 58.29039457 61.13172704 63.2389702  58.401419   75.89288191 62.04053929
 81.43046648 66.44034145 62.42133972 57.72994033 78.26513851 70.73520984
 66.3040152  67.46058572 63.71392504 69.77793814 82.00955492 63.47243889
 65.97131064 63.80569798 63.73678009 62.52424648 59.46820997 60.39168921
 58.207355   61.44259714 70.27896974 65.57780161 69.39410318 63.46695571
 61.29388101 69.34499233 62.03741707 65.95252828 59.40773371 59.04307609
 59.35815633 64.04424395 60.78639492 57.98735969 67.39021004 67.73010101
 59.4652593  63.35272497 61.96573896 60.58377612]",Aug_ReliefF,2,1.2912938699591905,scikit_arcene,200,9961,StratifiedKFold n_splits = 10
PR-AUC,0.7093915343915345,0.00020478836532755948,SVC,100,"['7376', '4068', '6407', '2902', '166', '1598', '943', '2461', '6950', '198', '6394', '1197', '4274', '33', '2255', '9043', '897', '5067', '890', '5679', '5760', '5888', '6272', '4325', '854', '3763', '4925', '7291', '3099', '4668', '4734', '8684', '5416', '4440', '7262', '7239', '1313', '9548', '8457', '5186', '965', '9923', '4489', '4583', '1000', '1830', '1838', '1907', '818', '4395', '2030', '9832', '757', '2167', '6958', '8054', '728', '8057', '9817', '2368', '8155', '4820', '2400', '1340', '9964', '6646', '2439', '6565', '2529', '6486', '9214', '6471', '591', '2636', '6352', '9274', '6294', '8289', '2776', '9328', '6179', '9981', '2782', '6162', '9393', '217', '5878', '3687', '5872', '422', '420', '5682', '381', '5484', '8404', '5114', '5377', '5302', '275', '5004', '0', '1', '2', '3', '4', '0_rbf', '1_rbf', '2_rbf', '3_rbf', '4_rbf']","[52.76775836 52.88047324 52.88616342 53.1416184  53.19379314 53.32178854
 53.28196246 53.32425008 53.93151783 53.52156523 53.56908189 53.50695396
 53.85444833 53.93646873 55.46185619 56.52666622 54.61994874 54.14782129
 57.39017435 54.23344581 56.59219442 55.08908401 56.85551362 55.72643771
 54.69402957 54.87323151 55.63798818 57.45101915 56.34529639 54.39098168
 55.85271622 54.16540698 54.89719732 55.67709199 55.59163741 57.31113466
 55.0466629  54.0979667  55.33089876 57.61810034 58.0906927  66.32186799
 69.59644035 64.64442936 66.45366097 83.90218588 64.79431027 67.68913746
 74.11809742 66.56554097 60.49870444 67.87995435 63.2740532  62.95910477
 58.29039457 61.13172704 63.2389702  58.401419   75.89288191 62.04053929
 81.43046648 66.44034145 62.42133972 57.72994033 78.26513851 70.73520984
 66.3040152  67.46058572 63.71392504 69.77793814 82.00955492 63.47243889
 65.97131064 63.80569798 63.73678009 62.52424648 59.46820997 60.39168921
 58.207355   61.44259714 70.27896974 65.57780161 69.39410318 63.46695571
 61.29388101 69.34499233 62.03741707 65.95252828 59.40773371 59.04307609
 59.35815633 64.04424395 60.78639492 57.98735969 67.39021004 67.73010101
 59.4652593  63.35272497 61.96573896 60.58377612]",Aug_ReliefF,2,1.2912938699591905,scikit_arcene,200,9961,StratifiedKFold n_splits = 10
accuracy,0.75,0.0001071352813632624,SVC,100,"['7376', '8322', '7805', '4960', '3169', '4325', '85', '6950', '1109', '3221', '7239', '8047', '8255', '6958', '5067', '5760', '8054', '1910', '7291', '2167', '422', '8457', '2368', '8976', '9548', '6427', '2568', '6394', '728', '6162', '890', '7856', '6088', '8805', '9212', '854', '5872', '5682', '1424', '5484', '5377', '166', '1340', '7219', '33', '8057', '4583', '8155', '9214', '4668', '591', '9923', '9274', '8289', '4489', '1830', '1838', '9328', '4440', '1907', '1197', '7262', '4068', '4820', '9964', '8404', '9393', '420', '2255', '4395', '6646', '3687', '2400', '2439', '4974', '1000', '381', '6486', '9043', '6471', '2529', '9981', '6352', '2636', '6294', '6179', '5114', '2776', '2782', '9832', '5983', '5186', '275', '5878', '818', '9817', '3099', '757', '217', '5302', '0', '1', '2', '3', '4', '0_rbf', '1_rbf', '2_rbf', '3_rbf', '4_rbf']","[50.50535095 50.68079109 50.73468469 50.75671516 50.79405762 51.12999609
 51.4824587  51.46632895 51.26029777 51.67673501 51.44737849 51.54278382
 51.14735477 51.58607397 51.50542405 51.84042017 51.96702632 52.16168972
 52.65220638 55.51452492 53.35747348 54.12854848 56.15623443 52.87463923
 52.61701583 54.89966901 55.0988892  53.20636883 55.17123231 55.85939461
 52.59968789 53.38508306 53.63660043 55.46727598 53.59274421 52.12410253
 54.13533049 55.4331854  53.74299548 54.21388618 53.29594119 52.81913539
 52.57429692 56.205575   59.00288338 57.52818831 56.38428178 87.53143118
 85.94126281 57.09935546 57.89488741 72.83688984 67.39054684 66.63258045
 61.50862283 88.76970386 58.66816495 63.52084056 59.53574135 61.97192873
 56.72121423 60.86371154 59.15342207 60.51631753 82.20084497 76.15710472
 60.15998373 71.60808153 61.16681221 77.49518868 62.88991094 60.20040554
 68.88469738 76.22273756 56.85807867 74.9061143  66.94888845 79.89332278
 69.01823425 62.61021568 66.29078769 70.28555956 56.68854455 62.75356946
 59.74703563 81.16941045 62.11971315 64.32801283 72.44863734 79.15424637
 57.00234101 63.18779154 57.03434523 61.01470585 76.43276564 80.84051746
 61.11084596 59.2984456  80.56655992 70.45555194]",Aug_ReliefF,3,1.0554218690376729,scikit_arcene,200,9961,StratifiedKFold n_splits = 10
MCC,0.502518907629606,0.0001071352813632624,SVC,100,"['7376', '8322', '7805', '4960', '3169', '4325', '85', '6950', '1109', '3221', '7239', '8047', '8255', '6958', '5067', '5760', '8054', '1910', '7291', '2167', '422', '8457', '2368', '8976', '9548', '6427', '2568', '6394', '728', '6162', '890', '7856', '6088', '8805', '9212', '854', '5872', '5682', '1424', '5484', '5377', '166', '1340', '7219', '33', '8057', '4583', '8155', '9214', '4668', '591', '9923', '9274', '8289', '4489', '1830', '1838', '9328', '4440', '1907', '1197', '7262', '4068', '4820', '9964', '8404', '9393', '420', '2255', '4395', '6646', '3687', '2400', '2439', '4974', '1000', '381', '6486', '9043', '6471', '2529', '9981', '6352', '2636', '6294', '6179', '5114', '2776', '2782', '9832', '5983', '5186', '275', '5878', '818', '9817', '3099', '757', '217', '5302', '0', '1', '2', '3', '4', '0_rbf', '1_rbf', '2_rbf', '3_rbf', '4_rbf']","[50.50535095 50.68079109 50.73468469 50.75671516 50.79405762 51.12999609
 51.4824587  51.46632895 51.26029777 51.67673501 51.44737849 51.54278382
 51.14735477 51.58607397 51.50542405 51.84042017 51.96702632 52.16168972
 52.65220638 55.51452492 53.35747348 54.12854848 56.15623443 52.87463923
 52.61701583 54.89966901 55.0988892  53.20636883 55.17123231 55.85939461
 52.59968789 53.38508306 53.63660043 55.46727598 53.59274421 52.12410253
 54.13533049 55.4331854  53.74299548 54.21388618 53.29594119 52.81913539
 52.57429692 56.205575   59.00288338 57.52818831 56.38428178 87.53143118
 85.94126281 57.09935546 57.89488741 72.83688984 67.39054684 66.63258045
 61.50862283 88.76970386 58.66816495 63.52084056 59.53574135 61.97192873
 56.72121423 60.86371154 59.15342207 60.51631753 82.20084497 76.15710472
 60.15998373 71.60808153 61.16681221 77.49518868 62.88991094 60.20040554
 68.88469738 76.22273756 56.85807867 74.9061143  66.94888845 79.89332278
 69.01823425 62.61021568 66.29078769 70.28555956 56.68854455 62.75356946
 59.74703563 81.16941045 62.11971315 64.32801283 72.44863734 79.15424637
 57.00234101 63.18779154 57.03434523 61.01470585 76.43276564 80.84051746
 61.11084596 59.2984456  80.56655992 70.45555194]",Aug_ReliefF,3,1.0554218690376729,scikit_arcene,200,9961,StratifiedKFold n_splits = 10
AUC,0.8282828282828282,0.0001071352813632624,SVC,100,"['7376', '8322', '7805', '4960', '3169', '4325', '85', '6950', '1109', '3221', '7239', '8047', '8255', '6958', '5067', '5760', '8054', '1910', '7291', '2167', '422', '8457', '2368', '8976', '9548', '6427', '2568', '6394', '728', '6162', '890', '7856', '6088', '8805', '9212', '854', '5872', '5682', '1424', '5484', '5377', '166', '1340', '7219', '33', '8057', '4583', '8155', '9214', '4668', '591', '9923', '9274', '8289', '4489', '1830', '1838', '9328', '4440', '1907', '1197', '7262', '4068', '4820', '9964', '8404', '9393', '420', '2255', '4395', '6646', '3687', '2400', '2439', '4974', '1000', '381', '6486', '9043', '6471', '2529', '9981', '6352', '2636', '6294', '6179', '5114', '2776', '2782', '9832', '5983', '5186', '275', '5878', '818', '9817', '3099', '757', '217', '5302', '0', '1', '2', '3', '4', '0_rbf', '1_rbf', '2_rbf', '3_rbf', '4_rbf']","[50.50535095 50.68079109 50.73468469 50.75671516 50.79405762 51.12999609
 51.4824587  51.46632895 51.26029777 51.67673501 51.44737849 51.54278382
 51.14735477 51.58607397 51.50542405 51.84042017 51.96702632 52.16168972
 52.65220638 55.51452492 53.35747348 54.12854848 56.15623443 52.87463923
 52.61701583 54.89966901 55.0988892  53.20636883 55.17123231 55.85939461
 52.59968789 53.38508306 53.63660043 55.46727598 53.59274421 52.12410253
 54.13533049 55.4331854  53.74299548 54.21388618 53.29594119 52.81913539
 52.57429692 56.205575   59.00288338 57.52818831 56.38428178 87.53143118
 85.94126281 57.09935546 57.89488741 72.83688984 67.39054684 66.63258045
 61.50862283 88.76970386 58.66816495 63.52084056 59.53574135 61.97192873
 56.72121423 60.86371154 59.15342207 60.51631753 82.20084497 76.15710472
 60.15998373 71.60808153 61.16681221 77.49518868 62.88991094 60.20040554
 68.88469738 76.22273756 56.85807867 74.9061143  66.94888845 79.89332278
 69.01823425 62.61021568 66.29078769 70.28555956 56.68854455 62.75356946
 59.74703563 81.16941045 62.11971315 64.32801283 72.44863734 79.15424637
 57.00234101 63.18779154 57.03434523 61.01470585 76.43276564 80.84051746
 61.11084596 59.2984456  80.56655992 70.45555194]",Aug_ReliefF,3,1.0554218690376729,scikit_arcene,200,9961,StratifiedKFold n_splits = 10
PR-AUC,0.7633477633477634,0.0001071352813632624,SVC,100,"['7376', '8322', '7805', '4960', '3169', '4325', '85', '6950', '1109', '3221', '7239', '8047', '8255', '6958', '5067', '5760', '8054', '1910', '7291', '2167', '422', '8457', '2368', '8976', '9548', '6427', '2568', '6394', '728', '6162', '890', '7856', '6088', '8805', '9212', '854', '5872', '5682', '1424', '5484', '5377', '166', '1340', '7219', '33', '8057', '4583', '8155', '9214', '4668', '591', '9923', '9274', '8289', '4489', '1830', '1838', '9328', '4440', '1907', '1197', '7262', '4068', '4820', '9964', '8404', '9393', '420', '2255', '4395', '6646', '3687', '2400', '2439', '4974', '1000', '381', '6486', '9043', '6471', '2529', '9981', '6352', '2636', '6294', '6179', '5114', '2776', '2782', '9832', '5983', '5186', '275', '5878', '818', '9817', '3099', '757', '217', '5302', '0', '1', '2', '3', '4', '0_rbf', '1_rbf', '2_rbf', '3_rbf', '4_rbf']","[50.50535095 50.68079109 50.73468469 50.75671516 50.79405762 51.12999609
 51.4824587  51.46632895 51.26029777 51.67673501 51.44737849 51.54278382
 51.14735477 51.58607397 51.50542405 51.84042017 51.96702632 52.16168972
 52.65220638 55.51452492 53.35747348 54.12854848 56.15623443 52.87463923
 52.61701583 54.89966901 55.0988892  53.20636883 55.17123231 55.85939461
 52.59968789 53.38508306 53.63660043 55.46727598 53.59274421 52.12410253
 54.13533049 55.4331854  53.74299548 54.21388618 53.29594119 52.81913539
 52.57429692 56.205575   59.00288338 57.52818831 56.38428178 87.53143118
 85.94126281 57.09935546 57.89488741 72.83688984 67.39054684 66.63258045
 61.50862283 88.76970386 58.66816495 63.52084056 59.53574135 61.97192873
 56.72121423 60.86371154 59.15342207 60.51631753 82.20084497 76.15710472
 60.15998373 71.60808153 61.16681221 77.49518868 62.88991094 60.20040554
 68.88469738 76.22273756 56.85807867 74.9061143  66.94888845 79.89332278
 69.01823425 62.61021568 66.29078769 70.28555956 56.68854455 62.75356946
 59.74703563 81.16941045 62.11971315 64.32801283 72.44863734 79.15424637
 57.00234101 63.18779154 57.03434523 61.01470585 76.43276564 80.84051746
 61.11084596 59.2984456  80.56655992 70.45555194]",Aug_ReliefF,3,1.0554218690376729,scikit_arcene,200,9961,StratifiedKFold n_splits = 10
accuracy,0.75,0.00011302162385960616,SVC,100,"['2570', '6272', '4668', '2461', '33', '9548', '697', '4440', '5377', '854', '6394', '6950', '3013', '4925', '2255', '6958', '166', '2273', '2368', '422', '8054', '4734', '3651', '4974', '7262', '8057', '965', '757', '275', '5679', '8047', '435', '1838', '8255', '2167', '5682', '5186', '3099', '6162', '1475', '8457', '5983', '3947', '890', '7747', '5416', '5484', '5004', '2030', '8805', '818', '6646', '6565', '2400', '1907', '7219', '7239', '9923', '2439', '6486', '6471', '728', '6427', '1000', '9964', '1830', '9043', '2529', '4583', '6294', '2636', '4325', '6179', '2776', '2782', '591', '9214', '85', '8404', '5878', '9274', '9981', '5760', '4395', '9328', '7856', '9393', '420', '5302', '381', '5114', '9832', '4820', '3687', '8289', '217', '4489', '8155', '9817', '6352', '0', '1', '2', '3', '4', '0_rbf', '1_rbf', '2_rbf', '3_rbf', '4_rbf']","[50.57279029 50.82493465 50.98476925 50.93443424 51.32073865 52.09952085
 51.25450319 52.27694802 51.26363117 51.57798475 51.16163432 50.9486798
 50.7661571  50.8842425  51.05345684 52.51394163 51.54676717 51.09582357
 52.44486297 51.45262403 51.54616091 51.34798319 51.23717939 52.65651823
 54.05581804 54.99011377 53.44146674 53.64185007 53.66835807 53.81756734
 52.96101157 54.99478511 55.11719233 52.84255692 54.75166402 55.06859858
 54.67616481 53.09483111 55.17905894 54.52746023 54.34813961 55.17858145
 52.71732831 53.48242423 54.02570803 54.43991369 54.37789033 55.3177708
 56.31142824 58.08806463 76.03657278 67.87665079 65.81520558 59.98749049
 58.32363046 57.76880035 56.8738415  69.81698943 71.97579772 76.43098859
 61.39667918 56.42695356 55.81421537 71.0715305  74.96654912 78.57292599
 63.83210564 64.54614771 57.00301505 58.98194271 60.56530279 56.23569876
 77.42170429 62.1819414  74.62164803 60.95210519 76.37584416 56.07511677
 73.31057057 58.66543168 57.02648192 67.70748941 57.39098579 73.15216693
 65.68611275 57.31590302 60.16120557 67.05462751 68.2398507  58.70812468
 58.582196   74.98914684 56.93480822 56.58610571 57.67898869 76.56922798
 67.4804925  76.60376416 70.30735323 62.56474507]",Aug_ReliefF,4,0.9397626779973507,scikit_arcene,200,9961,StratifiedKFold n_splits = 10
MCC,0.502518907629606,0.00011302162385960616,SVC,100,"['2570', '6272', '4668', '2461', '33', '9548', '697', '4440', '5377', '854', '6394', '6950', '3013', '4925', '2255', '6958', '166', '2273', '2368', '422', '8054', '4734', '3651', '4974', '7262', '8057', '965', '757', '275', '5679', '8047', '435', '1838', '8255', '2167', '5682', '5186', '3099', '6162', '1475', '8457', '5983', '3947', '890', '7747', '5416', '5484', '5004', '2030', '8805', '818', '6646', '6565', '2400', '1907', '7219', '7239', '9923', '2439', '6486', '6471', '728', '6427', '1000', '9964', '1830', '9043', '2529', '4583', '6294', '2636', '4325', '6179', '2776', '2782', '591', '9214', '85', '8404', '5878', '9274', '9981', '5760', '4395', '9328', '7856', '9393', '420', '5302', '381', '5114', '9832', '4820', '3687', '8289', '217', '4489', '8155', '9817', '6352', '0', '1', '2', '3', '4', '0_rbf', '1_rbf', '2_rbf', '3_rbf', '4_rbf']","[50.57279029 50.82493465 50.98476925 50.93443424 51.32073865 52.09952085
 51.25450319 52.27694802 51.26363117 51.57798475 51.16163432 50.9486798
 50.7661571  50.8842425  51.05345684 52.51394163 51.54676717 51.09582357
 52.44486297 51.45262403 51.54616091 51.34798319 51.23717939 52.65651823
 54.05581804 54.99011377 53.44146674 53.64185007 53.66835807 53.81756734
 52.96101157 54.99478511 55.11719233 52.84255692 54.75166402 55.06859858
 54.67616481 53.09483111 55.17905894 54.52746023 54.34813961 55.17858145
 52.71732831 53.48242423 54.02570803 54.43991369 54.37789033 55.3177708
 56.31142824 58.08806463 76.03657278 67.87665079 65.81520558 59.98749049
 58.32363046 57.76880035 56.8738415  69.81698943 71.97579772 76.43098859
 61.39667918 56.42695356 55.81421537 71.0715305  74.96654912 78.57292599
 63.83210564 64.54614771 57.00301505 58.98194271 60.56530279 56.23569876
 77.42170429 62.1819414  74.62164803 60.95210519 76.37584416 56.07511677
 73.31057057 58.66543168 57.02648192 67.70748941 57.39098579 73.15216693
 65.68611275 57.31590302 60.16120557 67.05462751 68.2398507  58.70812468
 58.582196   74.98914684 56.93480822 56.58610571 57.67898869 76.56922798
 67.4804925  76.60376416 70.30735323 62.56474507]",Aug_ReliefF,4,0.9397626779973507,scikit_arcene,200,9961,StratifiedKFold n_splits = 10
AUC,0.8888888888888888,0.00011302162385960616,SVC,100,"['2570', '6272', '4668', '2461', '33', '9548', '697', '4440', '5377', '854', '6394', '6950', '3013', '4925', '2255', '6958', '166', '2273', '2368', '422', '8054', '4734', '3651', '4974', '7262', '8057', '965', '757', '275', '5679', '8047', '435', '1838', '8255', '2167', '5682', '5186', '3099', '6162', '1475', '8457', '5983', '3947', '890', '7747', '5416', '5484', '5004', '2030', '8805', '818', '6646', '6565', '2400', '1907', '7219', '7239', '9923', '2439', '6486', '6471', '728', '6427', '1000', '9964', '1830', '9043', '2529', '4583', '6294', '2636', '4325', '6179', '2776', '2782', '591', '9214', '85', '8404', '5878', '9274', '9981', '5760', '4395', '9328', '7856', '9393', '420', '5302', '381', '5114', '9832', '4820', '3687', '8289', '217', '4489', '8155', '9817', '6352', '0', '1', '2', '3', '4', '0_rbf', '1_rbf', '2_rbf', '3_rbf', '4_rbf']","[50.57279029 50.82493465 50.98476925 50.93443424 51.32073865 52.09952085
 51.25450319 52.27694802 51.26363117 51.57798475 51.16163432 50.9486798
 50.7661571  50.8842425  51.05345684 52.51394163 51.54676717 51.09582357
 52.44486297 51.45262403 51.54616091 51.34798319 51.23717939 52.65651823
 54.05581804 54.99011377 53.44146674 53.64185007 53.66835807 53.81756734
 52.96101157 54.99478511 55.11719233 52.84255692 54.75166402 55.06859858
 54.67616481 53.09483111 55.17905894 54.52746023 54.34813961 55.17858145
 52.71732831 53.48242423 54.02570803 54.43991369 54.37789033 55.3177708
 56.31142824 58.08806463 76.03657278 67.87665079 65.81520558 59.98749049
 58.32363046 57.76880035 56.8738415  69.81698943 71.97579772 76.43098859
 61.39667918 56.42695356 55.81421537 71.0715305  74.96654912 78.57292599
 63.83210564 64.54614771 57.00301505 58.98194271 60.56530279 56.23569876
 77.42170429 62.1819414  74.62164803 60.95210519 76.37584416 56.07511677
 73.31057057 58.66543168 57.02648192 67.70748941 57.39098579 73.15216693
 65.68611275 57.31590302 60.16120557 67.05462751 68.2398507  58.70812468
 58.582196   74.98914684 56.93480822 56.58610571 57.67898869 76.56922798
 67.4804925  76.60376416 70.30735323 62.56474507]",Aug_ReliefF,4,0.9397626779973507,scikit_arcene,200,9961,StratifiedKFold n_splits = 10
PR-AUC,0.9128205128205129,0.00011302162385960616,SVC,100,"['2570', '6272', '4668', '2461', '33', '9548', '697', '4440', '5377', '854', '6394', '6950', '3013', '4925', '2255', '6958', '166', '2273', '2368', '422', '8054', '4734', '3651', '4974', '7262', '8057', '965', '757', '275', '5679', '8047', '435', '1838', '8255', '2167', '5682', '5186', '3099', '6162', '1475', '8457', '5983', '3947', '890', '7747', '5416', '5484', '5004', '2030', '8805', '818', '6646', '6565', '2400', '1907', '7219', '7239', '9923', '2439', '6486', '6471', '728', '6427', '1000', '9964', '1830', '9043', '2529', '4583', '6294', '2636', '4325', '6179', '2776', '2782', '591', '9214', '85', '8404', '5878', '9274', '9981', '5760', '4395', '9328', '7856', '9393', '420', '5302', '381', '5114', '9832', '4820', '3687', '8289', '217', '4489', '8155', '9817', '6352', '0', '1', '2', '3', '4', '0_rbf', '1_rbf', '2_rbf', '3_rbf', '4_rbf']","[50.57279029 50.82493465 50.98476925 50.93443424 51.32073865 52.09952085
 51.25450319 52.27694802 51.26363117 51.57798475 51.16163432 50.9486798
 50.7661571  50.8842425  51.05345684 52.51394163 51.54676717 51.09582357
 52.44486297 51.45262403 51.54616091 51.34798319 51.23717939 52.65651823
 54.05581804 54.99011377 53.44146674 53.64185007 53.66835807 53.81756734
 52.96101157 54.99478511 55.11719233 52.84255692 54.75166402 55.06859858
 54.67616481 53.09483111 55.17905894 54.52746023 54.34813961 55.17858145
 52.71732831 53.48242423 54.02570803 54.43991369 54.37789033 55.3177708
 56.31142824 58.08806463 76.03657278 67.87665079 65.81520558 59.98749049
 58.32363046 57.76880035 56.8738415  69.81698943 71.97579772 76.43098859
 61.39667918 56.42695356 55.81421537 71.0715305  74.96654912 78.57292599
 63.83210564 64.54614771 57.00301505 58.98194271 60.56530279 56.23569876
 77.42170429 62.1819414  74.62164803 60.95210519 76.37584416 56.07511677
 73.31057057 58.66543168 57.02648192 67.70748941 57.39098579 73.15216693
 65.68611275 57.31590302 60.16120557 67.05462751 68.2398507  58.70812468
 58.582196   74.98914684 56.93480822 56.58610571 57.67898869 76.56922798
 67.4804925  76.60376416 70.30735323 62.56474507]",Aug_ReliefF,4,0.9397626779973507,scikit_arcene,200,9961,StratifiedKFold n_splits = 10
accuracy,0.9,0.0001152369451921175,SVC,100,"['9043', '3947', '9452', '965', '2603', '8291', '1313', '4069', '5930', '3763', '1935', '6471', '8457', '6407', '1907', '6583', '6394', '897', '420', '8404', '1838', '9275', '381', '6352', '2030', '6294', '9393', '6272', '3687', '6958', '6162', '61', '5878', '5872', '5760', '2368', '2400', '5679', '305', '9548', '2461', '7239', '275', '8684', '5416', '7262', '7291', '5302', '5282', '7477', '1424', '2636', '1340', '5186', '5114', '8289', '757', '2776', '5042', '4820', '4325', '4668', '728', '4583', '3590', '3099', '4440', '8046', '8255', '8057', '1109', '1096', '5004', '8155', '8054', '1000', '9964', '591', '9214', '1830', '9274', '9981', '9923', '422', '6646', '9817', '6565', '9328', '6486', '6179', '2167', '5682', '818', '2439', '2529', '217', '2782', '9832', '4489', '4395', '0', '1', '2', '3', '4', '0_rbf', '1_rbf', '2_rbf', '3_rbf', '4_rbf']","[49.67981617 49.86391166 49.98763179 50.27538223 50.02680694 50.51079628
 50.14380533 50.44558575 49.88144867 50.56009599 54.49392461 61.32802007
 53.11756309 52.90226358 59.98431603 53.29766902 52.15007876 62.46381908
 53.61930514 63.03486318 57.71519315 55.30781766 56.83408531 59.5019675
 54.59989217 61.48848688 58.9791865  55.28085347 59.2304716  54.70384225
 51.52056682 56.66103317 59.1399053  53.33735626 56.07984977 55.45855606
 57.94665454 50.95730376 54.144287   55.55403215 50.66719001 52.82542218
 56.07375424 53.56140543 53.2783984  52.00520014 52.40712529 58.75102079
 55.71012113 53.17207448 54.99057249 61.40644998 51.75096594 53.65702759
 60.82488904 55.86941297 57.48881621 53.85138437 56.62111009 58.81971779
 53.97863951 50.70445639 55.89375978 55.09000298 52.45142898 52.4629482
 51.86513361 51.67126621 52.59072012 55.8084937  52.55659863 52.9710093
 63.75760854 87.70427146 69.23441229 66.50713267 84.12098234 64.80022247
 87.46240745 89.76931704 68.45359339 67.1224509  67.27204832 64.52995652
 69.09438933 82.10896515 64.16982544 66.76603568 65.92590247 67.11459523
 69.3636093  71.15108423 80.9877337  65.58866973 65.84598455 66.73866852
 76.77918597 65.85403445 66.59761206 65.28838826]",Aug_ReliefF,5,0.9346395048778504,scikit_arcene,200,9961,StratifiedKFold n_splits = 10
MCC,0.797979797979798,0.0001152369451921175,SVC,100,"['9043', '3947', '9452', '965', '2603', '8291', '1313', '4069', '5930', '3763', '1935', '6471', '8457', '6407', '1907', '6583', '6394', '897', '420', '8404', '1838', '9275', '381', '6352', '2030', '6294', '9393', '6272', '3687', '6958', '6162', '61', '5878', '5872', '5760', '2368', '2400', '5679', '305', '9548', '2461', '7239', '275', '8684', '5416', '7262', '7291', '5302', '5282', '7477', '1424', '2636', '1340', '5186', '5114', '8289', '757', '2776', '5042', '4820', '4325', '4668', '728', '4583', '3590', '3099', '4440', '8046', '8255', '8057', '1109', '1096', '5004', '8155', '8054', '1000', '9964', '591', '9214', '1830', '9274', '9981', '9923', '422', '6646', '9817', '6565', '9328', '6486', '6179', '2167', '5682', '818', '2439', '2529', '217', '2782', '9832', '4489', '4395', '0', '1', '2', '3', '4', '0_rbf', '1_rbf', '2_rbf', '3_rbf', '4_rbf']","[49.67981617 49.86391166 49.98763179 50.27538223 50.02680694 50.51079628
 50.14380533 50.44558575 49.88144867 50.56009599 54.49392461 61.32802007
 53.11756309 52.90226358 59.98431603 53.29766902 52.15007876 62.46381908
 53.61930514 63.03486318 57.71519315 55.30781766 56.83408531 59.5019675
 54.59989217 61.48848688 58.9791865  55.28085347 59.2304716  54.70384225
 51.52056682 56.66103317 59.1399053  53.33735626 56.07984977 55.45855606
 57.94665454 50.95730376 54.144287   55.55403215 50.66719001 52.82542218
 56.07375424 53.56140543 53.2783984  52.00520014 52.40712529 58.75102079
 55.71012113 53.17207448 54.99057249 61.40644998 51.75096594 53.65702759
 60.82488904 55.86941297 57.48881621 53.85138437 56.62111009 58.81971779
 53.97863951 50.70445639 55.89375978 55.09000298 52.45142898 52.4629482
 51.86513361 51.67126621 52.59072012 55.8084937  52.55659863 52.9710093
 63.75760854 87.70427146 69.23441229 66.50713267 84.12098234 64.80022247
 87.46240745 89.76931704 68.45359339 67.1224509  67.27204832 64.52995652
 69.09438933 82.10896515 64.16982544 66.76603568 65.92590247 67.11459523
 69.3636093  71.15108423 80.9877337  65.58866973 65.84598455 66.73866852
 76.77918597 65.85403445 66.59761206 65.28838826]",Aug_ReliefF,5,0.9346395048778504,scikit_arcene,200,9961,StratifiedKFold n_splits = 10
AUC,0.9494949494949494,0.0001152369451921175,SVC,100,"['9043', '3947', '9452', '965', '2603', '8291', '1313', '4069', '5930', '3763', '1935', '6471', '8457', '6407', '1907', '6583', '6394', '897', '420', '8404', '1838', '9275', '381', '6352', '2030', '6294', '9393', '6272', '3687', '6958', '6162', '61', '5878', '5872', '5760', '2368', '2400', '5679', '305', '9548', '2461', '7239', '275', '8684', '5416', '7262', '7291', '5302', '5282', '7477', '1424', '2636', '1340', '5186', '5114', '8289', '757', '2776', '5042', '4820', '4325', '4668', '728', '4583', '3590', '3099', '4440', '8046', '8255', '8057', '1109', '1096', '5004', '8155', '8054', '1000', '9964', '591', '9214', '1830', '9274', '9981', '9923', '422', '6646', '9817', '6565', '9328', '6486', '6179', '2167', '5682', '818', '2439', '2529', '217', '2782', '9832', '4489', '4395', '0', '1', '2', '3', '4', '0_rbf', '1_rbf', '2_rbf', '3_rbf', '4_rbf']","[49.67981617 49.86391166 49.98763179 50.27538223 50.02680694 50.51079628
 50.14380533 50.44558575 49.88144867 50.56009599 54.49392461 61.32802007
 53.11756309 52.90226358 59.98431603 53.29766902 52.15007876 62.46381908
 53.61930514 63.03486318 57.71519315 55.30781766 56.83408531 59.5019675
 54.59989217 61.48848688 58.9791865  55.28085347 59.2304716  54.70384225
 51.52056682 56.66103317 59.1399053  53.33735626 56.07984977 55.45855606
 57.94665454 50.95730376 54.144287   55.55403215 50.66719001 52.82542218
 56.07375424 53.56140543 53.2783984  52.00520014 52.40712529 58.75102079
 55.71012113 53.17207448 54.99057249 61.40644998 51.75096594 53.65702759
 60.82488904 55.86941297 57.48881621 53.85138437 56.62111009 58.81971779
 53.97863951 50.70445639 55.89375978 55.09000298 52.45142898 52.4629482
 51.86513361 51.67126621 52.59072012 55.8084937  52.55659863 52.9710093
 63.75760854 87.70427146 69.23441229 66.50713267 84.12098234 64.80022247
 87.46240745 89.76931704 68.45359339 67.1224509  67.27204832 64.52995652
 69.09438933 82.10896515 64.16982544 66.76603568 65.92590247 67.11459523
 69.3636093  71.15108423 80.9877337  65.58866973 65.84598455 66.73866852
 76.77918597 65.85403445 66.59761206 65.28838826]",Aug_ReliefF,5,0.9346395048778504,scikit_arcene,200,9961,StratifiedKFold n_splits = 10
PR-AUC,0.9376903960237295,0.0001152369451921175,SVC,100,"['9043', '3947', '9452', '965', '2603', '8291', '1313', '4069', '5930', '3763', '1935', '6471', '8457', '6407', '1907', '6583', '6394', '897', '420', '8404', '1838', '9275', '381', '6352', '2030', '6294', '9393', '6272', '3687', '6958', '6162', '61', '5878', '5872', '5760', '2368', '2400', '5679', '305', '9548', '2461', '7239', '275', '8684', '5416', '7262', '7291', '5302', '5282', '7477', '1424', '2636', '1340', '5186', '5114', '8289', '757', '2776', '5042', '4820', '4325', '4668', '728', '4583', '3590', '3099', '4440', '8046', '8255', '8057', '1109', '1096', '5004', '8155', '8054', '1000', '9964', '591', '9214', '1830', '9274', '9981', '9923', '422', '6646', '9817', '6565', '9328', '6486', '6179', '2167', '5682', '818', '2439', '2529', '217', '2782', '9832', '4489', '4395', '0', '1', '2', '3', '4', '0_rbf', '1_rbf', '2_rbf', '3_rbf', '4_rbf']","[49.67981617 49.86391166 49.98763179 50.27538223 50.02680694 50.51079628
 50.14380533 50.44558575 49.88144867 50.56009599 54.49392461 61.32802007
 53.11756309 52.90226358 59.98431603 53.29766902 52.15007876 62.46381908
 53.61930514 63.03486318 57.71519315 55.30781766 56.83408531 59.5019675
 54.59989217 61.48848688 58.9791865  55.28085347 59.2304716  54.70384225
 51.52056682 56.66103317 59.1399053  53.33735626 56.07984977 55.45855606
 57.94665454 50.95730376 54.144287   55.55403215 50.66719001 52.82542218
 56.07375424 53.56140543 53.2783984  52.00520014 52.40712529 58.75102079
 55.71012113 53.17207448 54.99057249 61.40644998 51.75096594 53.65702759
 60.82488904 55.86941297 57.48881621 53.85138437 56.62111009 58.81971779
 53.97863951 50.70445639 55.89375978 55.09000298 52.45142898 52.4629482
 51.86513361 51.67126621 52.59072012 55.8084937  52.55659863 52.9710093
 63.75760854 87.70427146 69.23441229 66.50713267 84.12098234 64.80022247
 87.46240745 89.76931704 68.45359339 67.1224509  67.27204832 64.52995652
 69.09438933 82.10896515 64.16982544 66.76603568 65.92590247 67.11459523
 69.3636093  71.15108423 80.9877337  65.58866973 65.84598455 66.73866852
 76.77918597 65.85403445 66.59761206 65.28838826]",Aug_ReliefF,5,0.9346395048778504,scikit_arcene,200,9961,StratifiedKFold n_splits = 10
accuracy,0.65,0.00011423764874845154,SVC,100,"['4325', '4530', '3651', '2255', '5760', '4668', '6162', '3763', '198', '4925', '4429', '728', '33', '1313', '4583', '1340', '7219', '6138', '9548', '3710', '697', '8057', '2776', '8398', '1197', '854', '7239', '5186', '6486', '435', '5176', '6646', '3099', '6471', '591', '9923', '2782', '85', '9393', '422', '2636', '4489', '7262', '7291', '2529', '9328', '420', '4734', '2439', '5114', '6352', '2400', '2368', '9274', '6294', '381', '2167', '3687', '9214', '7747', '6179', '818', '819', '6088', '9964', '2067', '3906', '2030', '4820', '7856', '7936', '890', '1907', '8054', '275', '1838', '1830', '8155', '5878', '9043', '8289', '9981', '965', '1608', '5302', '8404', '1000', '4974', '5682', '1475', '217', '9817', '9832', '5484', '1336', '4395', '166', '8805', '4440', '5004', '0', '1', '2', '3', '4', '0_rbf', '1_rbf', '2_rbf', '3_rbf', '4_rbf']","[54.25939743 54.28778051 54.76672841 55.36759984 55.14015917 55.41114728
 55.50736576 55.7741736  55.67157452 55.60214626 55.6117196  55.78937729
 56.429236   55.99937307 56.36051574 55.9842618  55.92259078 56.07234076
 56.58745697 56.88695679 57.24868608 57.04964976 56.84932388 56.90263697
 57.1968434  57.15248318 57.34094458 63.08048586 73.90870033 57.67798123
 57.34633763 65.67360759 60.07026306 61.4013578  60.53870195 74.8096459
 73.07373627 58.13841775 58.87626563 57.88534334 62.30398783 64.83402474
 58.80808425 62.38422347 69.69799744 64.63496855 83.54928609 57.49690274
 75.65745591 69.47130565 61.19564131 67.96886366 60.78501097 60.64789394
 63.50066027 65.17484328 61.77829998 68.0400774  82.57443218 58.69950775
 76.27808799 76.6491049  61.23828262 59.30640106 79.8054731  61.23698348
 58.47866575 77.41396972 66.465073   58.1638774  57.6759204  60.103987
 68.59365934 58.67279784 65.64205533 64.27297763 85.05750682 83.30462125
 60.60133469 76.40321335 66.80272125 73.25645415 59.42377784 59.54602122
 63.32539091 69.46267913 75.54257281 62.08332285 62.40739259 58.35875363
 76.78253025 75.56008904 76.46533401 60.79026777 61.23720851 75.85452801
 57.34378125 57.61228096 58.07475831 60.05644879]",Aug_ReliefF,6,0.9327052850276232,scikit_arcene,200,9961,StratifiedKFold n_splits = 10
MCC,0.28721347895177635,0.00011423764874845154,SVC,100,"['4325', '4530', '3651', '2255', '5760', '4668', '6162', '3763', '198', '4925', '4429', '728', '33', '1313', '4583', '1340', '7219', '6138', '9548', '3710', '697', '8057', '2776', '8398', '1197', '854', '7239', '5186', '6486', '435', '5176', '6646', '3099', '6471', '591', '9923', '2782', '85', '9393', '422', '2636', '4489', '7262', '7291', '2529', '9328', '420', '4734', '2439', '5114', '6352', '2400', '2368', '9274', '6294', '381', '2167', '3687', '9214', '7747', '6179', '818', '819', '6088', '9964', '2067', '3906', '2030', '4820', '7856', '7936', '890', '1907', '8054', '275', '1838', '1830', '8155', '5878', '9043', '8289', '9981', '965', '1608', '5302', '8404', '1000', '4974', '5682', '1475', '217', '9817', '9832', '5484', '1336', '4395', '166', '8805', '4440', '5004', '0', '1', '2', '3', '4', '0_rbf', '1_rbf', '2_rbf', '3_rbf', '4_rbf']","[54.25939743 54.28778051 54.76672841 55.36759984 55.14015917 55.41114728
 55.50736576 55.7741736  55.67157452 55.60214626 55.6117196  55.78937729
 56.429236   55.99937307 56.36051574 55.9842618  55.92259078 56.07234076
 56.58745697 56.88695679 57.24868608 57.04964976 56.84932388 56.90263697
 57.1968434  57.15248318 57.34094458 63.08048586 73.90870033 57.67798123
 57.34633763 65.67360759 60.07026306 61.4013578  60.53870195 74.8096459
 73.07373627 58.13841775 58.87626563 57.88534334 62.30398783 64.83402474
 58.80808425 62.38422347 69.69799744 64.63496855 83.54928609 57.49690274
 75.65745591 69.47130565 61.19564131 67.96886366 60.78501097 60.64789394
 63.50066027 65.17484328 61.77829998 68.0400774  82.57443218 58.69950775
 76.27808799 76.6491049  61.23828262 59.30640106 79.8054731  61.23698348
 58.47866575 77.41396972 66.465073   58.1638774  57.6759204  60.103987
 68.59365934 58.67279784 65.64205533 64.27297763 85.05750682 83.30462125
 60.60133469 76.40321335 66.80272125 73.25645415 59.42377784 59.54602122
 63.32539091 69.46267913 75.54257281 62.08332285 62.40739259 58.35875363
 76.78253025 75.56008904 76.46533401 60.79026777 61.23720851 75.85452801
 57.34378125 57.61228096 58.07475831 60.05644879]",Aug_ReliefF,6,0.9327052850276232,scikit_arcene,200,9961,StratifiedKFold n_splits = 10
AUC,0.7878787878787878,0.00011423764874845154,SVC,100,"['4325', '4530', '3651', '2255', '5760', '4668', '6162', '3763', '198', '4925', '4429', '728', '33', '1313', '4583', '1340', '7219', '6138', '9548', '3710', '697', '8057', '2776', '8398', '1197', '854', '7239', '5186', '6486', '435', '5176', '6646', '3099', '6471', '591', '9923', '2782', '85', '9393', '422', '2636', '4489', '7262', '7291', '2529', '9328', '420', '4734', '2439', '5114', '6352', '2400', '2368', '9274', '6294', '381', '2167', '3687', '9214', '7747', '6179', '818', '819', '6088', '9964', '2067', '3906', '2030', '4820', '7856', '7936', '890', '1907', '8054', '275', '1838', '1830', '8155', '5878', '9043', '8289', '9981', '965', '1608', '5302', '8404', '1000', '4974', '5682', '1475', '217', '9817', '9832', '5484', '1336', '4395', '166', '8805', '4440', '5004', '0', '1', '2', '3', '4', '0_rbf', '1_rbf', '2_rbf', '3_rbf', '4_rbf']","[54.25939743 54.28778051 54.76672841 55.36759984 55.14015917 55.41114728
 55.50736576 55.7741736  55.67157452 55.60214626 55.6117196  55.78937729
 56.429236   55.99937307 56.36051574 55.9842618  55.92259078 56.07234076
 56.58745697 56.88695679 57.24868608 57.04964976 56.84932388 56.90263697
 57.1968434  57.15248318 57.34094458 63.08048586 73.90870033 57.67798123
 57.34633763 65.67360759 60.07026306 61.4013578  60.53870195 74.8096459
 73.07373627 58.13841775 58.87626563 57.88534334 62.30398783 64.83402474
 58.80808425 62.38422347 69.69799744 64.63496855 83.54928609 57.49690274
 75.65745591 69.47130565 61.19564131 67.96886366 60.78501097 60.64789394
 63.50066027 65.17484328 61.77829998 68.0400774  82.57443218 58.69950775
 76.27808799 76.6491049  61.23828262 59.30640106 79.8054731  61.23698348
 58.47866575 77.41396972 66.465073   58.1638774  57.6759204  60.103987
 68.59365934 58.67279784 65.64205533 64.27297763 85.05750682 83.30462125
 60.60133469 76.40321335 66.80272125 73.25645415 59.42377784 59.54602122
 63.32539091 69.46267913 75.54257281 62.08332285 62.40739259 58.35875363
 76.78253025 75.56008904 76.46533401 60.79026777 61.23720851 75.85452801
 57.34378125 57.61228096 58.07475831 60.05644879]",Aug_ReliefF,6,0.9327052850276232,scikit_arcene,200,9961,StratifiedKFold n_splits = 10
PR-AUC,0.6785714285714287,0.00011423764874845154,SVC,100,"['4325', '4530', '3651', '2255', '5760', '4668', '6162', '3763', '198', '4925', '4429', '728', '33', '1313', '4583', '1340', '7219', '6138', '9548', '3710', '697', '8057', '2776', '8398', '1197', '854', '7239', '5186', '6486', '435', '5176', '6646', '3099', '6471', '591', '9923', '2782', '85', '9393', '422', '2636', '4489', '7262', '7291', '2529', '9328', '420', '4734', '2439', '5114', '6352', '2400', '2368', '9274', '6294', '381', '2167', '3687', '9214', '7747', '6179', '818', '819', '6088', '9964', '2067', '3906', '2030', '4820', '7856', '7936', '890', '1907', '8054', '275', '1838', '1830', '8155', '5878', '9043', '8289', '9981', '965', '1608', '5302', '8404', '1000', '4974', '5682', '1475', '217', '9817', '9832', '5484', '1336', '4395', '166', '8805', '4440', '5004', '0', '1', '2', '3', '4', '0_rbf', '1_rbf', '2_rbf', '3_rbf', '4_rbf']","[54.25939743 54.28778051 54.76672841 55.36759984 55.14015917 55.41114728
 55.50736576 55.7741736  55.67157452 55.60214626 55.6117196  55.78937729
 56.429236   55.99937307 56.36051574 55.9842618  55.92259078 56.07234076
 56.58745697 56.88695679 57.24868608 57.04964976 56.84932388 56.90263697
 57.1968434  57.15248318 57.34094458 63.08048586 73.90870033 57.67798123
 57.34633763 65.67360759 60.07026306 61.4013578  60.53870195 74.8096459
 73.07373627 58.13841775 58.87626563 57.88534334 62.30398783 64.83402474
 58.80808425 62.38422347 69.69799744 64.63496855 83.54928609 57.49690274
 75.65745591 69.47130565 61.19564131 67.96886366 60.78501097 60.64789394
 63.50066027 65.17484328 61.77829998 68.0400774  82.57443218 58.69950775
 76.27808799 76.6491049  61.23828262 59.30640106 79.8054731  61.23698348
 58.47866575 77.41396972 66.465073   58.1638774  57.6759204  60.103987
 68.59365934 58.67279784 65.64205533 64.27297763 85.05750682 83.30462125
 60.60133469 76.40321335 66.80272125 73.25645415 59.42377784 59.54602122
 63.32539091 69.46267913 75.54257281 62.08332285 62.40739259 58.35875363
 76.78253025 75.56008904 76.46533401 60.79026777 61.23720851 75.85452801
 57.34378125 57.61228096 58.07475831 60.05644879]",Aug_ReliefF,6,0.9327052850276232,scikit_arcene,200,9961,StratifiedKFold n_splits = 10
accuracy,0.85,0.0001127852373618153,SVC,100,"['697', '33', '4274', '4734', '1340', '1424', '1210', '1313', '6958', '85', '9832', '9817', '217', '275', '381', '9393', '420', '9328', '9274', '9214', '9152', '591', '9043', '9923', '728', '8805', '818', '854', '890', '965', '8457', '1000', '8404', '8289', '8155', '8057', '7856', '7747', '1475', '1598', '7376', '7291', '7262', '7239', '7219', '1830', '1838', '6950', '1907', '2030', '6646', '6565', '2167', '6486', '6471', '6427', '6407', '6394', '2255', '2273', '6352', '6294', '6283', '6272', '9964', '2368', '6179', '2400', '6162', '2439', '2461', '5983', '2529', '5878', '2636', '5682', '2776', '2782', '5484', '5377', '2943', '9981', '5302', '5186', '3099', '5114', '5067', '4974', '3229', '4820', '4668', '4583', '4489', '3539', '4440', '4437', '4395', '3687', '3886', '5004', '0', '1', '2', '3', '4', '0_rbf', '1_rbf', '2_rbf', '3_rbf', '4_rbf']","[49.12995088 49.15787394 49.15974869 49.31031838 49.40909499 49.25767654
 49.41221182 49.291614   49.49531711 50.55548403 70.39845562 64.44120261
 72.25010764 53.78472072 60.02305914 55.19909831 60.58153567 55.50483634
 51.16669188 70.85222613 49.58428254 60.15133366 67.93230846 65.28923874
 53.24205469 54.48018448 64.74233974 49.61406121 52.09177131 51.38187157
 49.87188339 66.67320104 71.14666194 58.72600269 73.84957785 56.80108836
 52.61095296 50.45752395 49.53305926 50.67169053 51.40697755 51.06605723
 55.31694509 55.11151102 54.66547779 74.44300606 55.3517499  51.86482504
 58.76862031 60.47382279 64.8846944  65.81520558 51.23489808 73.47959821
 57.6960233  52.78159889 50.5416078  53.63493217 50.42163805 50.2312405
 60.10446757 52.15169069 50.20924795 51.59456698 69.22275273 52.92745994
 73.70532718 60.99030118 54.10122571 67.55028914 51.64838012 55.07374344
 58.48686962 58.58607794 59.11120657 51.80221834 61.56692099 62.29892158
 52.60385915 51.0725456  50.21710551 62.63470792 66.74624978 55.75692592
 54.09331281 58.36060965 51.7183391  54.64146365 50.70482265 57.35726203
 50.65195798 54.98955776 64.10078584 52.19500653 52.65251587 50.61178636
 68.56281871 56.30201546 52.4895954  51.1794572 ]",Aug_ReliefF,7,0.9325631898827851,scikit_arcene,200,9961,StratifiedKFold n_splits = 10
MCC,0.7035264706814485,0.0001127852373618153,SVC,100,"['697', '33', '4274', '4734', '1340', '1424', '1210', '1313', '6958', '85', '9832', '9817', '217', '275', '381', '9393', '420', '9328', '9274', '9214', '9152', '591', '9043', '9923', '728', '8805', '818', '854', '890', '965', '8457', '1000', '8404', '8289', '8155', '8057', '7856', '7747', '1475', '1598', '7376', '7291', '7262', '7239', '7219', '1830', '1838', '6950', '1907', '2030', '6646', '6565', '2167', '6486', '6471', '6427', '6407', '6394', '2255', '2273', '6352', '6294', '6283', '6272', '9964', '2368', '6179', '2400', '6162', '2439', '2461', '5983', '2529', '5878', '2636', '5682', '2776', '2782', '5484', '5377', '2943', '9981', '5302', '5186', '3099', '5114', '5067', '4974', '3229', '4820', '4668', '4583', '4489', '3539', '4440', '4437', '4395', '3687', '3886', '5004', '0', '1', '2', '3', '4', '0_rbf', '1_rbf', '2_rbf', '3_rbf', '4_rbf']","[49.12995088 49.15787394 49.15974869 49.31031838 49.40909499 49.25767654
 49.41221182 49.291614   49.49531711 50.55548403 70.39845562 64.44120261
 72.25010764 53.78472072 60.02305914 55.19909831 60.58153567 55.50483634
 51.16669188 70.85222613 49.58428254 60.15133366 67.93230846 65.28923874
 53.24205469 54.48018448 64.74233974 49.61406121 52.09177131 51.38187157
 49.87188339 66.67320104 71.14666194 58.72600269 73.84957785 56.80108836
 52.61095296 50.45752395 49.53305926 50.67169053 51.40697755 51.06605723
 55.31694509 55.11151102 54.66547779 74.44300606 55.3517499  51.86482504
 58.76862031 60.47382279 64.8846944  65.81520558 51.23489808 73.47959821
 57.6960233  52.78159889 50.5416078  53.63493217 50.42163805 50.2312405
 60.10446757 52.15169069 50.20924795 51.59456698 69.22275273 52.92745994
 73.70532718 60.99030118 54.10122571 67.55028914 51.64838012 55.07374344
 58.48686962 58.58607794 59.11120657 51.80221834 61.56692099 62.29892158
 52.60385915 51.0725456  50.21710551 62.63470792 66.74624978 55.75692592
 54.09331281 58.36060965 51.7183391  54.64146365 50.70482265 57.35726203
 50.65195798 54.98955776 64.10078584 52.19500653 52.65251587 50.61178636
 68.56281871 56.30201546 52.4895954  51.1794572 ]",Aug_ReliefF,7,0.9325631898827851,scikit_arcene,200,9961,StratifiedKFold n_splits = 10
AUC,0.9393939393939393,0.0001127852373618153,SVC,100,"['697', '33', '4274', '4734', '1340', '1424', '1210', '1313', '6958', '85', '9832', '9817', '217', '275', '381', '9393', '420', '9328', '9274', '9214', '9152', '591', '9043', '9923', '728', '8805', '818', '854', '890', '965', '8457', '1000', '8404', '8289', '8155', '8057', '7856', '7747', '1475', '1598', '7376', '7291', '7262', '7239', '7219', '1830', '1838', '6950', '1907', '2030', '6646', '6565', '2167', '6486', '6471', '6427', '6407', '6394', '2255', '2273', '6352', '6294', '6283', '6272', '9964', '2368', '6179', '2400', '6162', '2439', '2461', '5983', '2529', '5878', '2636', '5682', '2776', '2782', '5484', '5377', '2943', '9981', '5302', '5186', '3099', '5114', '5067', '4974', '3229', '4820', '4668', '4583', '4489', '3539', '4440', '4437', '4395', '3687', '3886', '5004', '0', '1', '2', '3', '4', '0_rbf', '1_rbf', '2_rbf', '3_rbf', '4_rbf']","[49.12995088 49.15787394 49.15974869 49.31031838 49.40909499 49.25767654
 49.41221182 49.291614   49.49531711 50.55548403 70.39845562 64.44120261
 72.25010764 53.78472072 60.02305914 55.19909831 60.58153567 55.50483634
 51.16669188 70.85222613 49.58428254 60.15133366 67.93230846 65.28923874
 53.24205469 54.48018448 64.74233974 49.61406121 52.09177131 51.38187157
 49.87188339 66.67320104 71.14666194 58.72600269 73.84957785 56.80108836
 52.61095296 50.45752395 49.53305926 50.67169053 51.40697755 51.06605723
 55.31694509 55.11151102 54.66547779 74.44300606 55.3517499  51.86482504
 58.76862031 60.47382279 64.8846944  65.81520558 51.23489808 73.47959821
 57.6960233  52.78159889 50.5416078  53.63493217 50.42163805 50.2312405
 60.10446757 52.15169069 50.20924795 51.59456698 69.22275273 52.92745994
 73.70532718 60.99030118 54.10122571 67.55028914 51.64838012 55.07374344
 58.48686962 58.58607794 59.11120657 51.80221834 61.56692099 62.29892158
 52.60385915 51.0725456  50.21710551 62.63470792 66.74624978 55.75692592
 54.09331281 58.36060965 51.7183391  54.64146365 50.70482265 57.35726203
 50.65195798 54.98955776 64.10078584 52.19500653 52.65251587 50.61178636
 68.56281871 56.30201546 52.4895954  51.1794572 ]",Aug_ReliefF,7,0.9325631898827851,scikit_arcene,200,9961,StratifiedKFold n_splits = 10
PR-AUC,0.9435897435897438,0.0001127852373618153,SVC,100,"['697', '33', '4274', '4734', '1340', '1424', '1210', '1313', '6958', '85', '9832', '9817', '217', '275', '381', '9393', '420', '9328', '9274', '9214', '9152', '591', '9043', '9923', '728', '8805', '818', '854', '890', '965', '8457', '1000', '8404', '8289', '8155', '8057', '7856', '7747', '1475', '1598', '7376', '7291', '7262', '7239', '7219', '1830', '1838', '6950', '1907', '2030', '6646', '6565', '2167', '6486', '6471', '6427', '6407', '6394', '2255', '2273', '6352', '6294', '6283', '6272', '9964', '2368', '6179', '2400', '6162', '2439', '2461', '5983', '2529', '5878', '2636', '5682', '2776', '2782', '5484', '5377', '2943', '9981', '5302', '5186', '3099', '5114', '5067', '4974', '3229', '4820', '4668', '4583', '4489', '3539', '4440', '4437', '4395', '3687', '3886', '5004', '0', '1', '2', '3', '4', '0_rbf', '1_rbf', '2_rbf', '3_rbf', '4_rbf']","[49.12995088 49.15787394 49.15974869 49.31031838 49.40909499 49.25767654
 49.41221182 49.291614   49.49531711 50.55548403 70.39845562 64.44120261
 72.25010764 53.78472072 60.02305914 55.19909831 60.58153567 55.50483634
 51.16669188 70.85222613 49.58428254 60.15133366 67.93230846 65.28923874
 53.24205469 54.48018448 64.74233974 49.61406121 52.09177131 51.38187157
 49.87188339 66.67320104 71.14666194 58.72600269 73.84957785 56.80108836
 52.61095296 50.45752395 49.53305926 50.67169053 51.40697755 51.06605723
 55.31694509 55.11151102 54.66547779 74.44300606 55.3517499  51.86482504
 58.76862031 60.47382279 64.8846944  65.81520558 51.23489808 73.47959821
 57.6960233  52.78159889 50.5416078  53.63493217 50.42163805 50.2312405
 60.10446757 52.15169069 50.20924795 51.59456698 69.22275273 52.92745994
 73.70532718 60.99030118 54.10122571 67.55028914 51.64838012 55.07374344
 58.48686962 58.58607794 59.11120657 51.80221834 61.56692099 62.29892158
 52.60385915 51.0725456  50.21710551 62.63470792 66.74624978 55.75692592
 54.09331281 58.36060965 51.7183391  54.64146365 50.70482265 57.35726203
 50.65195798 54.98955776 64.10078584 52.19500653 52.65251587 50.61178636
 68.56281871 56.30201546 52.4895954  51.1794572 ]",Aug_ReliefF,7,0.9325631898827851,scikit_arcene,200,9961,StratifiedKFold n_splits = 10
accuracy,0.8,0.00010960747483232528,SVC,100,"['1197', '9275', '6950', '5282', '1313', '4668', '3221', '3763', '2461', '5067', '9274', '5760', '5682', '4583', '2167', '7239', '728', '7291', '8054', '4925', '6394', '4734', '422', '33', '6272', '6162', '3099', '8457', '8501', '61', '5377', '4325', '2273', '6294', '4974', '275', '2570', '4440', '5484', '2368', '890', '4289', '7747', '9328', '8155', '435', '6352', '9923', '420', '697', '85', '6427', '6471', '6486', '757', '9214', '6565', '8404', '6179', '818', '591', '1838', '6646', '2255', '9964', '9393', '8289', '4068', '5114', '1475', '1830', '4489', '5186', '9043', '3687', '9832', '2400', '8805', '2782', '9817', '4395', '9981', '2439', '7856', '5878', '2776', '7262', '217', '7219', '965', '8057', '2529', '5983', '5302', '8047', '1000', '4820', '1907', '2636', '381', '0', '1', '2', '3', '4', '0_rbf', '1_rbf', '2_rbf', '3_rbf', '4_rbf']","[50.07250798 50.08728903 50.21883306 50.56288007 50.24307827 50.32937834
 50.14429072 50.23160155 50.62322786 50.65295314 53.51317019 52.00487756
 54.1201087  54.51792208 53.23559151 54.18043321 52.44428177 51.63631016
 51.83263381 53.44132833 51.83154569 53.20246036 50.76417503 53.12695794
 52.14065246 54.08857889 53.94731614 51.3294187  52.27017742 51.57261712
 50.72926791 51.1962334  50.72340807 54.60781088 51.44009814 54.45944939
 52.43243993 52.46133916 53.35107903 53.06134255 52.50302439 54.83462306
 60.64413825 58.82229588 77.17103095 59.95078084 58.41912336 64.45502071
 65.63518099 58.21169836 60.77137532 59.40748675 59.82440014 72.60379886
 56.41293255 74.44591195 67.46058572 70.62450713 72.73998122 68.08116007
 60.00832404 55.10273471 63.48181392 56.79571196 73.29346001 57.58117812
 59.10327734 57.98643559 57.56430003 60.60560687 77.96343354 61.82939146
 55.9863978  59.88119139 56.5207579  69.3029114  61.34572298 62.15783409
 65.25096435 67.85598093 67.62292744 62.96698846 66.54640073 61.72252517
 59.07941221 61.70569331 54.92987358 71.24588281 61.15915845 55.49036329
 55.88166182 60.14343633 55.17109829 66.57556603 56.27505598 65.57808435
 56.16370669 57.0007799  60.54584013 60.08570402]",Aug_ReliefF,8,0.934777022106573,scikit_arcene,200,9961,StratifiedKFold n_splits = 10
MCC,0.6161616161616161,0.00010960747483232528,SVC,100,"['1197', '9275', '6950', '5282', '1313', '4668', '3221', '3763', '2461', '5067', '9274', '5760', '5682', '4583', '2167', '7239', '728', '7291', '8054', '4925', '6394', '4734', '422', '33', '6272', '6162', '3099', '8457', '8501', '61', '5377', '4325', '2273', '6294', '4974', '275', '2570', '4440', '5484', '2368', '890', '4289', '7747', '9328', '8155', '435', '6352', '9923', '420', '697', '85', '6427', '6471', '6486', '757', '9214', '6565', '8404', '6179', '818', '591', '1838', '6646', '2255', '9964', '9393', '8289', '4068', '5114', '1475', '1830', '4489', '5186', '9043', '3687', '9832', '2400', '8805', '2782', '9817', '4395', '9981', '2439', '7856', '5878', '2776', '7262', '217', '7219', '965', '8057', '2529', '5983', '5302', '8047', '1000', '4820', '1907', '2636', '381', '0', '1', '2', '3', '4', '0_rbf', '1_rbf', '2_rbf', '3_rbf', '4_rbf']","[50.07250798 50.08728903 50.21883306 50.56288007 50.24307827 50.32937834
 50.14429072 50.23160155 50.62322786 50.65295314 53.51317019 52.00487756
 54.1201087  54.51792208 53.23559151 54.18043321 52.44428177 51.63631016
 51.83263381 53.44132833 51.83154569 53.20246036 50.76417503 53.12695794
 52.14065246 54.08857889 53.94731614 51.3294187  52.27017742 51.57261712
 50.72926791 51.1962334  50.72340807 54.60781088 51.44009814 54.45944939
 52.43243993 52.46133916 53.35107903 53.06134255 52.50302439 54.83462306
 60.64413825 58.82229588 77.17103095 59.95078084 58.41912336 64.45502071
 65.63518099 58.21169836 60.77137532 59.40748675 59.82440014 72.60379886
 56.41293255 74.44591195 67.46058572 70.62450713 72.73998122 68.08116007
 60.00832404 55.10273471 63.48181392 56.79571196 73.29346001 57.58117812
 59.10327734 57.98643559 57.56430003 60.60560687 77.96343354 61.82939146
 55.9863978  59.88119139 56.5207579  69.3029114  61.34572298 62.15783409
 65.25096435 67.85598093 67.62292744 62.96698846 66.54640073 61.72252517
 59.07941221 61.70569331 54.92987358 71.24588281 61.15915845 55.49036329
 55.88166182 60.14343633 55.17109829 66.57556603 56.27505598 65.57808435
 56.16370669 57.0007799  60.54584013 60.08570402]",Aug_ReliefF,8,0.934777022106573,scikit_arcene,200,9961,StratifiedKFold n_splits = 10
AUC,0.9090909090909091,0.00010960747483232528,SVC,100,"['1197', '9275', '6950', '5282', '1313', '4668', '3221', '3763', '2461', '5067', '9274', '5760', '5682', '4583', '2167', '7239', '728', '7291', '8054', '4925', '6394', '4734', '422', '33', '6272', '6162', '3099', '8457', '8501', '61', '5377', '4325', '2273', '6294', '4974', '275', '2570', '4440', '5484', '2368', '890', '4289', '7747', '9328', '8155', '435', '6352', '9923', '420', '697', '85', '6427', '6471', '6486', '757', '9214', '6565', '8404', '6179', '818', '591', '1838', '6646', '2255', '9964', '9393', '8289', '4068', '5114', '1475', '1830', '4489', '5186', '9043', '3687', '9832', '2400', '8805', '2782', '9817', '4395', '9981', '2439', '7856', '5878', '2776', '7262', '217', '7219', '965', '8057', '2529', '5983', '5302', '8047', '1000', '4820', '1907', '2636', '381', '0', '1', '2', '3', '4', '0_rbf', '1_rbf', '2_rbf', '3_rbf', '4_rbf']","[50.07250798 50.08728903 50.21883306 50.56288007 50.24307827 50.32937834
 50.14429072 50.23160155 50.62322786 50.65295314 53.51317019 52.00487756
 54.1201087  54.51792208 53.23559151 54.18043321 52.44428177 51.63631016
 51.83263381 53.44132833 51.83154569 53.20246036 50.76417503 53.12695794
 52.14065246 54.08857889 53.94731614 51.3294187  52.27017742 51.57261712
 50.72926791 51.1962334  50.72340807 54.60781088 51.44009814 54.45944939
 52.43243993 52.46133916 53.35107903 53.06134255 52.50302439 54.83462306
 60.64413825 58.82229588 77.17103095 59.95078084 58.41912336 64.45502071
 65.63518099 58.21169836 60.77137532 59.40748675 59.82440014 72.60379886
 56.41293255 74.44591195 67.46058572 70.62450713 72.73998122 68.08116007
 60.00832404 55.10273471 63.48181392 56.79571196 73.29346001 57.58117812
 59.10327734 57.98643559 57.56430003 60.60560687 77.96343354 61.82939146
 55.9863978  59.88119139 56.5207579  69.3029114  61.34572298 62.15783409
 65.25096435 67.85598093 67.62292744 62.96698846 66.54640073 61.72252517
 59.07941221 61.70569331 54.92987358 71.24588281 61.15915845 55.49036329
 55.88166182 60.14343633 55.17109829 66.57556603 56.27505598 65.57808435
 56.16370669 57.0007799  60.54584013 60.08570402]",Aug_ReliefF,8,0.934777022106573,scikit_arcene,200,9961,StratifiedKFold n_splits = 10
PR-AUC,0.9444444444444444,0.00010960747483232528,SVC,100,"['1197', '9275', '6950', '5282', '1313', '4668', '3221', '3763', '2461', '5067', '9274', '5760', '5682', '4583', '2167', '7239', '728', '7291', '8054', '4925', '6394', '4734', '422', '33', '6272', '6162', '3099', '8457', '8501', '61', '5377', '4325', '2273', '6294', '4974', '275', '2570', '4440', '5484', '2368', '890', '4289', '7747', '9328', '8155', '435', '6352', '9923', '420', '697', '85', '6427', '6471', '6486', '757', '9214', '6565', '8404', '6179', '818', '591', '1838', '6646', '2255', '9964', '9393', '8289', '4068', '5114', '1475', '1830', '4489', '5186', '9043', '3687', '9832', '2400', '8805', '2782', '9817', '4395', '9981', '2439', '7856', '5878', '2776', '7262', '217', '7219', '965', '8057', '2529', '5983', '5302', '8047', '1000', '4820', '1907', '2636', '381', '0', '1', '2', '3', '4', '0_rbf', '1_rbf', '2_rbf', '3_rbf', '4_rbf']","[50.07250798 50.08728903 50.21883306 50.56288007 50.24307827 50.32937834
 50.14429072 50.23160155 50.62322786 50.65295314 53.51317019 52.00487756
 54.1201087  54.51792208 53.23559151 54.18043321 52.44428177 51.63631016
 51.83263381 53.44132833 51.83154569 53.20246036 50.76417503 53.12695794
 52.14065246 54.08857889 53.94731614 51.3294187  52.27017742 51.57261712
 50.72926791 51.1962334  50.72340807 54.60781088 51.44009814 54.45944939
 52.43243993 52.46133916 53.35107903 53.06134255 52.50302439 54.83462306
 60.64413825 58.82229588 77.17103095 59.95078084 58.41912336 64.45502071
 65.63518099 58.21169836 60.77137532 59.40748675 59.82440014 72.60379886
 56.41293255 74.44591195 67.46058572 70.62450713 72.73998122 68.08116007
 60.00832404 55.10273471 63.48181392 56.79571196 73.29346001 57.58117812
 59.10327734 57.98643559 57.56430003 60.60560687 77.96343354 61.82939146
 55.9863978  59.88119139 56.5207579  69.3029114  61.34572298 62.15783409
 65.25096435 67.85598093 67.62292744 62.96698846 66.54640073 61.72252517
 59.07941221 61.70569331 54.92987358 71.24588281 61.15915845 55.49036329
 55.88166182 60.14343633 55.17109829 66.57556603 56.27505598 65.57808435
 56.16370669 57.0007799  60.54584013 60.08570402]",Aug_ReliefF,8,0.934777022106573,scikit_arcene,200,9961,StratifiedKFold n_splits = 10
accuracy,0.85,0.0001117676345165819,SVC,100,"['3517', '5563', '8054', '7556', '9172', '422', '4440', '890', '4583', '7219', '8291', '85', '9456', '1197', '9274', '9275', '5114', '2167', '2461', '8289', '8057', '591', '5176', '6471', '5011', '5186', '2471', '5282', '9548', '1424', '8724', '9328', '8805', '4974', '7856', '3221', '6352', '5484', '2400', '1608', '1109', '1651', '3099', '61', '9393', '5682', '2368', '4820', '7477', '4489', '6646', '6294', '5878', '8842', '381', '2603', '3651', '1838', '275', '7291', '5983', '7274', '5994', '7262', '2030', '2636', '1935', '1907', '3687', '166', '5004', '4068', '2776', '4395', '6179', '2782', '9964', '818', '420', '1830', '217', '9981', '33', '5302', '2529', '6407', '9817', '9923', '9043', '8155', '6486', '9832', '2439', '8322', '8404', '6565', '1086', '2255', '1000', '9214', '0', '1', '2', '3', '4', '0_rbf', '1_rbf', '2_rbf', '3_rbf', '4_rbf']","[49.34553109 49.43289793 49.36356081 49.61379999 49.65033165 49.63163387
 49.67552547 49.76592933 49.75170454 49.78401149 49.94098924 49.93826373
 49.94541473 58.3607267  52.8400449  50.68590021 56.04097121 52.53879475
 57.85346843 55.84796912 51.16364116 53.09582756 51.78925947 55.9315794
 50.43061144 53.01218886 52.74319685 52.4657174  50.59143246 54.80429113
 52.45019382 54.75881147 50.72579487 54.23181376 50.8161891  51.01287389
 51.04297438 50.42742108 57.96399709 51.03944676 52.6557027  50.24884896
 51.13851602 54.10575386 54.24220568 52.76976014 50.32291393 53.53048021
 50.42191716 55.67465137 57.1220804  57.36623127 54.41518933 53.07964735
 56.65161275 50.59072624 55.17483985 52.51971462 53.12167286 50.10098772
 56.49061761 53.50036547 50.90955548 51.44807792 53.79870282 56.14348155
 51.44138768 54.72943848 55.25330139 57.38776336 59.35034809 59.37476206
 64.01784804 72.74444962 77.18476402 62.31712044 69.90274123 66.5523841
 75.54708043 74.4632685  76.02106636 67.4072107  60.09054702 69.52089921
 63.58964399 60.27425538 66.27584231 69.53180093 70.53376076 72.95732288
 76.58117138 74.47068634 71.72719572 61.43269597 74.01084691 62.5244453
 62.77409926 62.02357324 70.95214479 72.06795998]",Aug_ReliefF,9,0.9327412720303982,scikit_arcene,200,9961,StratifiedKFold n_splits = 10
MCC,0.7385489458759964,0.0001117676345165819,SVC,100,"['3517', '5563', '8054', '7556', '9172', '422', '4440', '890', '4583', '7219', '8291', '85', '9456', '1197', '9274', '9275', '5114', '2167', '2461', '8289', '8057', '591', '5176', '6471', '5011', '5186', '2471', '5282', '9548', '1424', '8724', '9328', '8805', '4974', '7856', '3221', '6352', '5484', '2400', '1608', '1109', '1651', '3099', '61', '9393', '5682', '2368', '4820', '7477', '4489', '6646', '6294', '5878', '8842', '381', '2603', '3651', '1838', '275', '7291', '5983', '7274', '5994', '7262', '2030', '2636', '1935', '1907', '3687', '166', '5004', '4068', '2776', '4395', '6179', '2782', '9964', '818', '420', '1830', '217', '9981', '33', '5302', '2529', '6407', '9817', '9923', '9043', '8155', '6486', '9832', '2439', '8322', '8404', '6565', '1086', '2255', '1000', '9214', '0', '1', '2', '3', '4', '0_rbf', '1_rbf', '2_rbf', '3_rbf', '4_rbf']","[49.34553109 49.43289793 49.36356081 49.61379999 49.65033165 49.63163387
 49.67552547 49.76592933 49.75170454 49.78401149 49.94098924 49.93826373
 49.94541473 58.3607267  52.8400449  50.68590021 56.04097121 52.53879475
 57.85346843 55.84796912 51.16364116 53.09582756 51.78925947 55.9315794
 50.43061144 53.01218886 52.74319685 52.4657174  50.59143246 54.80429113
 52.45019382 54.75881147 50.72579487 54.23181376 50.8161891  51.01287389
 51.04297438 50.42742108 57.96399709 51.03944676 52.6557027  50.24884896
 51.13851602 54.10575386 54.24220568 52.76976014 50.32291393 53.53048021
 50.42191716 55.67465137 57.1220804  57.36623127 54.41518933 53.07964735
 56.65161275 50.59072624 55.17483985 52.51971462 53.12167286 50.10098772
 56.49061761 53.50036547 50.90955548 51.44807792 53.79870282 56.14348155
 51.44138768 54.72943848 55.25330139 57.38776336 59.35034809 59.37476206
 64.01784804 72.74444962 77.18476402 62.31712044 69.90274123 66.5523841
 75.54708043 74.4632685  76.02106636 67.4072107  60.09054702 69.52089921
 63.58964399 60.27425538 66.27584231 69.53180093 70.53376076 72.95732288
 76.58117138 74.47068634 71.72719572 61.43269597 74.01084691 62.5244453
 62.77409926 62.02357324 70.95214479 72.06795998]",Aug_ReliefF,9,0.9327412720303982,scikit_arcene,200,9961,StratifiedKFold n_splits = 10
AUC,0.9375,0.0001117676345165819,SVC,100,"['3517', '5563', '8054', '7556', '9172', '422', '4440', '890', '4583', '7219', '8291', '85', '9456', '1197', '9274', '9275', '5114', '2167', '2461', '8289', '8057', '591', '5176', '6471', '5011', '5186', '2471', '5282', '9548', '1424', '8724', '9328', '8805', '4974', '7856', '3221', '6352', '5484', '2400', '1608', '1109', '1651', '3099', '61', '9393', '5682', '2368', '4820', '7477', '4489', '6646', '6294', '5878', '8842', '381', '2603', '3651', '1838', '275', '7291', '5983', '7274', '5994', '7262', '2030', '2636', '1935', '1907', '3687', '166', '5004', '4068', '2776', '4395', '6179', '2782', '9964', '818', '420', '1830', '217', '9981', '33', '5302', '2529', '6407', '9817', '9923', '9043', '8155', '6486', '9832', '2439', '8322', '8404', '6565', '1086', '2255', '1000', '9214', '0', '1', '2', '3', '4', '0_rbf', '1_rbf', '2_rbf', '3_rbf', '4_rbf']","[49.34553109 49.43289793 49.36356081 49.61379999 49.65033165 49.63163387
 49.67552547 49.76592933 49.75170454 49.78401149 49.94098924 49.93826373
 49.94541473 58.3607267  52.8400449  50.68590021 56.04097121 52.53879475
 57.85346843 55.84796912 51.16364116 53.09582756 51.78925947 55.9315794
 50.43061144 53.01218886 52.74319685 52.4657174  50.59143246 54.80429113
 52.45019382 54.75881147 50.72579487 54.23181376 50.8161891  51.01287389
 51.04297438 50.42742108 57.96399709 51.03944676 52.6557027  50.24884896
 51.13851602 54.10575386 54.24220568 52.76976014 50.32291393 53.53048021
 50.42191716 55.67465137 57.1220804  57.36623127 54.41518933 53.07964735
 56.65161275 50.59072624 55.17483985 52.51971462 53.12167286 50.10098772
 56.49061761 53.50036547 50.90955548 51.44807792 53.79870282 56.14348155
 51.44138768 54.72943848 55.25330139 57.38776336 59.35034809 59.37476206
 64.01784804 72.74444962 77.18476402 62.31712044 69.90274123 66.5523841
 75.54708043 74.4632685  76.02106636 67.4072107  60.09054702 69.52089921
 63.58964399 60.27425538 66.27584231 69.53180093 70.53376076 72.95732288
 76.58117138 74.47068634 71.72719572 61.43269597 74.01084691 62.5244453
 62.77409926 62.02357324 70.95214479 72.06795998]",Aug_ReliefF,9,0.9327412720303982,scikit_arcene,200,9961,StratifiedKFold n_splits = 10
PR-AUC,0.9159722222222222,0.0001117676345165819,SVC,100,"['3517', '5563', '8054', '7556', '9172', '422', '4440', '890', '4583', '7219', '8291', '85', '9456', '1197', '9274', '9275', '5114', '2167', '2461', '8289', '8057', '591', '5176', '6471', '5011', '5186', '2471', '5282', '9548', '1424', '8724', '9328', '8805', '4974', '7856', '3221', '6352', '5484', '2400', '1608', '1109', '1651', '3099', '61', '9393', '5682', '2368', '4820', '7477', '4489', '6646', '6294', '5878', '8842', '381', '2603', '3651', '1838', '275', '7291', '5983', '7274', '5994', '7262', '2030', '2636', '1935', '1907', '3687', '166', '5004', '4068', '2776', '4395', '6179', '2782', '9964', '818', '420', '1830', '217', '9981', '33', '5302', '2529', '6407', '9817', '9923', '9043', '8155', '6486', '9832', '2439', '8322', '8404', '6565', '1086', '2255', '1000', '9214', '0', '1', '2', '3', '4', '0_rbf', '1_rbf', '2_rbf', '3_rbf', '4_rbf']","[49.34553109 49.43289793 49.36356081 49.61379999 49.65033165 49.63163387
 49.67552547 49.76592933 49.75170454 49.78401149 49.94098924 49.93826373
 49.94541473 58.3607267  52.8400449  50.68590021 56.04097121 52.53879475
 57.85346843 55.84796912 51.16364116 53.09582756 51.78925947 55.9315794
 50.43061144 53.01218886 52.74319685 52.4657174  50.59143246 54.80429113
 52.45019382 54.75881147 50.72579487 54.23181376 50.8161891  51.01287389
 51.04297438 50.42742108 57.96399709 51.03944676 52.6557027  50.24884896
 51.13851602 54.10575386 54.24220568 52.76976014 50.32291393 53.53048021
 50.42191716 55.67465137 57.1220804  57.36623127 54.41518933 53.07964735
 56.65161275 50.59072624 55.17483985 52.51971462 53.12167286 50.10098772
 56.49061761 53.50036547 50.90955548 51.44807792 53.79870282 56.14348155
 51.44138768 54.72943848 55.25330139 57.38776336 59.35034809 59.37476206
 64.01784804 72.74444962 77.18476402 62.31712044 69.90274123 66.5523841
 75.54708043 74.4632685  76.02106636 67.4072107  60.09054702 69.52089921
 63.58964399 60.27425538 66.27584231 69.53180093 70.53376076 72.95732288
 76.58117138 74.47068634 71.72719572 61.43269597 74.01084691 62.5244453
 62.77409926 62.02357324 70.95214479 72.06795998]",Aug_ReliefF,9,0.9327412720303982,scikit_arcene,200,9961,StratifiedKFold n_splits = 10
accuracy,0.8,0.00011111406493000687,SVC,100,"['85', '8395', '9393', '1935', '3886', '2255', '7747', '8046', '3274', '9800', '8047', '2955', '965', '2815', '106', '8805', '3687', '6958', '7073', '5872', '1424', '8976', '9043', '5878', '1109', '7219', '7239', '8684', '4820', '3099', '6565', '7291', '5114', '5484', '1838', '6471', '6427', '2771', '897', '7556', '890', '6352', '6294', '6272', '1907', '9328', '275', '2636', '757', '2603', '6162', '8291', '9452', '4967', '9548', '8054', '7856', '422', '4440', '420', '2368', '4583', '5983', '4668', '5004', '9964', '4489', '4395', '6179', '6407', '6486', '9923', '6646', '7262', '2782', '2529', '2461', '2439', '2400', '2167', '8155', '9981', '5682', '2030', '8289', '8404', '1830', '9832', '217', '9817', '5186', '1000', '9214', '9274', '818', '728', '5302', '591', '381', '2776', '0', '1', '2', '3', '4', '0_rbf', '1_rbf', '2_rbf', '3_rbf', '4_rbf']","[48.46033753 48.61607311 48.65401162 48.55074764 48.62388065 48.61595406
 48.6877288  49.02334859 48.70028294 49.09713978 49.3886579  48.84445402
 49.14463658 49.05062523 49.46320856 50.86337233 55.68341999 55.05119075
 51.12767851 50.64593311 56.64358068 50.70689652 52.98605445 50.22431141
 55.58381891 51.49227973 51.20312816 52.33105085 54.91946091 56.40130855
 54.29754461 49.8433492  56.60261937 51.11122371 53.34847202 51.12072117
 50.54332941 52.42267151 50.02112777 53.42889332 50.70908635 56.99406202
 56.88284984 54.03793019 56.21484377 52.68460704 53.46949239 51.72794784
 57.11832696 50.65561973 52.51077074 49.56040723 52.25798875 51.02123128
 52.91032847 56.16603835 49.97003145 54.52419974 54.93307261 53.60742
 51.28838465 56.26938874 51.52320032 53.00581387 57.17054969 71.31787261
 63.20014564 62.96203671 67.8650452  63.98740645 68.12885211 61.95350009
 66.44972441 58.86379704 59.61852554 60.21090526 64.67576786 62.03964193
 65.71228375 57.63595848 78.22494297 61.57490585 58.50506371 62.14499552
 62.85555031 66.36054124 81.58602708 64.45631691 66.28454814 74.86133067
 58.78762083 61.81926647 80.21853241 61.33429287 65.08812756 57.49628612
 62.65941725 63.07210909 64.33686709 57.84455105]",Aug_ReliefF,10,0.9328135871328413,scikit_arcene,200,9961,StratifiedKFold n_splits = 10
MCC,0.5833333333333334,0.00011111406493000687,SVC,100,"['85', '8395', '9393', '1935', '3886', '2255', '7747', '8046', '3274', '9800', '8047', '2955', '965', '2815', '106', '8805', '3687', '6958', '7073', '5872', '1424', '8976', '9043', '5878', '1109', '7219', '7239', '8684', '4820', '3099', '6565', '7291', '5114', '5484', '1838', '6471', '6427', '2771', '897', '7556', '890', '6352', '6294', '6272', '1907', '9328', '275', '2636', '757', '2603', '6162', '8291', '9452', '4967', '9548', '8054', '7856', '422', '4440', '420', '2368', '4583', '5983', '4668', '5004', '9964', '4489', '4395', '6179', '6407', '6486', '9923', '6646', '7262', '2782', '2529', '2461', '2439', '2400', '2167', '8155', '9981', '5682', '2030', '8289', '8404', '1830', '9832', '217', '9817', '5186', '1000', '9214', '9274', '818', '728', '5302', '591', '381', '2776', '0', '1', '2', '3', '4', '0_rbf', '1_rbf', '2_rbf', '3_rbf', '4_rbf']","[48.46033753 48.61607311 48.65401162 48.55074764 48.62388065 48.61595406
 48.6877288  49.02334859 48.70028294 49.09713978 49.3886579  48.84445402
 49.14463658 49.05062523 49.46320856 50.86337233 55.68341999 55.05119075
 51.12767851 50.64593311 56.64358068 50.70689652 52.98605445 50.22431141
 55.58381891 51.49227973 51.20312816 52.33105085 54.91946091 56.40130855
 54.29754461 49.8433492  56.60261937 51.11122371 53.34847202 51.12072117
 50.54332941 52.42267151 50.02112777 53.42889332 50.70908635 56.99406202
 56.88284984 54.03793019 56.21484377 52.68460704 53.46949239 51.72794784
 57.11832696 50.65561973 52.51077074 49.56040723 52.25798875 51.02123128
 52.91032847 56.16603835 49.97003145 54.52419974 54.93307261 53.60742
 51.28838465 56.26938874 51.52320032 53.00581387 57.17054969 71.31787261
 63.20014564 62.96203671 67.8650452  63.98740645 68.12885211 61.95350009
 66.44972441 58.86379704 59.61852554 60.21090526 64.67576786 62.03964193
 65.71228375 57.63595848 78.22494297 61.57490585 58.50506371 62.14499552
 62.85555031 66.36054124 81.58602708 64.45631691 66.28454814 74.86133067
 58.78762083 61.81926647 80.21853241 61.33429287 65.08812756 57.49628612
 62.65941725 63.07210909 64.33686709 57.84455105]",Aug_ReliefF,10,0.9328135871328413,scikit_arcene,200,9961,StratifiedKFold n_splits = 10
AUC,0.9166666666666667,0.00011111406493000687,SVC,100,"['85', '8395', '9393', '1935', '3886', '2255', '7747', '8046', '3274', '9800', '8047', '2955', '965', '2815', '106', '8805', '3687', '6958', '7073', '5872', '1424', '8976', '9043', '5878', '1109', '7219', '7239', '8684', '4820', '3099', '6565', '7291', '5114', '5484', '1838', '6471', '6427', '2771', '897', '7556', '890', '6352', '6294', '6272', '1907', '9328', '275', '2636', '757', '2603', '6162', '8291', '9452', '4967', '9548', '8054', '7856', '422', '4440', '420', '2368', '4583', '5983', '4668', '5004', '9964', '4489', '4395', '6179', '6407', '6486', '9923', '6646', '7262', '2782', '2529', '2461', '2439', '2400', '2167', '8155', '9981', '5682', '2030', '8289', '8404', '1830', '9832', '217', '9817', '5186', '1000', '9214', '9274', '818', '728', '5302', '591', '381', '2776', '0', '1', '2', '3', '4', '0_rbf', '1_rbf', '2_rbf', '3_rbf', '4_rbf']","[48.46033753 48.61607311 48.65401162 48.55074764 48.62388065 48.61595406
 48.6877288  49.02334859 48.70028294 49.09713978 49.3886579  48.84445402
 49.14463658 49.05062523 49.46320856 50.86337233 55.68341999 55.05119075
 51.12767851 50.64593311 56.64358068 50.70689652 52.98605445 50.22431141
 55.58381891 51.49227973 51.20312816 52.33105085 54.91946091 56.40130855
 54.29754461 49.8433492  56.60261937 51.11122371 53.34847202 51.12072117
 50.54332941 52.42267151 50.02112777 53.42889332 50.70908635 56.99406202
 56.88284984 54.03793019 56.21484377 52.68460704 53.46949239 51.72794784
 57.11832696 50.65561973 52.51077074 49.56040723 52.25798875 51.02123128
 52.91032847 56.16603835 49.97003145 54.52419974 54.93307261 53.60742
 51.28838465 56.26938874 51.52320032 53.00581387 57.17054969 71.31787261
 63.20014564 62.96203671 67.8650452  63.98740645 68.12885211 61.95350009
 66.44972441 58.86379704 59.61852554 60.21090526 64.67576786 62.03964193
 65.71228375 57.63595848 78.22494297 61.57490585 58.50506371 62.14499552
 62.85555031 66.36054124 81.58602708 64.45631691 66.28454814 74.86133067
 58.78762083 61.81926647 80.21853241 61.33429287 65.08812756 57.49628612
 62.65941725 63.07210909 64.33686709 57.84455105]",Aug_ReliefF,10,0.9328135871328413,scikit_arcene,200,9961,StratifiedKFold n_splits = 10
PR-AUC,0.8802579365079366,0.00011111406493000687,SVC,100,"['85', '8395', '9393', '1935', '3886', '2255', '7747', '8046', '3274', '9800', '8047', '2955', '965', '2815', '106', '8805', '3687', '6958', '7073', '5872', '1424', '8976', '9043', '5878', '1109', '7219', '7239', '8684', '4820', '3099', '6565', '7291', '5114', '5484', '1838', '6471', '6427', '2771', '897', '7556', '890', '6352', '6294', '6272', '1907', '9328', '275', '2636', '757', '2603', '6162', '8291', '9452', '4967', '9548', '8054', '7856', '422', '4440', '420', '2368', '4583', '5983', '4668', '5004', '9964', '4489', '4395', '6179', '6407', '6486', '9923', '6646', '7262', '2782', '2529', '2461', '2439', '2400', '2167', '8155', '9981', '5682', '2030', '8289', '8404', '1830', '9832', '217', '9817', '5186', '1000', '9214', '9274', '818', '728', '5302', '591', '381', '2776', '0', '1', '2', '3', '4', '0_rbf', '1_rbf', '2_rbf', '3_rbf', '4_rbf']","[48.46033753 48.61607311 48.65401162 48.55074764 48.62388065 48.61595406
 48.6877288  49.02334859 48.70028294 49.09713978 49.3886579  48.84445402
 49.14463658 49.05062523 49.46320856 50.86337233 55.68341999 55.05119075
 51.12767851 50.64593311 56.64358068 50.70689652 52.98605445 50.22431141
 55.58381891 51.49227973 51.20312816 52.33105085 54.91946091 56.40130855
 54.29754461 49.8433492  56.60261937 51.11122371 53.34847202 51.12072117
 50.54332941 52.42267151 50.02112777 53.42889332 50.70908635 56.99406202
 56.88284984 54.03793019 56.21484377 52.68460704 53.46949239 51.72794784
 57.11832696 50.65561973 52.51077074 49.56040723 52.25798875 51.02123128
 52.91032847 56.16603835 49.97003145 54.52419974 54.93307261 53.60742
 51.28838465 56.26938874 51.52320032 53.00581387 57.17054969 71.31787261
 63.20014564 62.96203671 67.8650452  63.98740645 68.12885211 61.95350009
 66.44972441 58.86379704 59.61852554 60.21090526 64.67576786 62.03964193
 65.71228375 57.63595848 78.22494297 61.57490585 58.50506371 62.14499552
 62.85555031 66.36054124 81.58602708 64.45631691 66.28454814 74.86133067
 58.78762083 61.81926647 80.21853241 61.33429287 65.08812756 57.49628612
 62.65941725 63.07210909 64.33686709 57.84455105]",Aug_ReliefF,10,0.9328135871328413,scikit_arcene,200,9961,StratifiedKFold n_splits = 10
