accuracy,0.3333333333333333,0.0002467176825853019,SVC,100,"['5060', '157', '3241', '4386', '5595', '4115', '5160', '3831', '70', '678', '4959', '5216', '3423', '2900', '1877', '300', '693', '5319', '1569', '127', '4776', '4720', '3840', '112', '800', '4131', '3854', '733', '4679', '5165', '3528', '1926', '5336', '111', '4707', '4497', '102', '489', '1257', '1889', '2092', '1420', '4678', '101', '4478', '3798', '3330', '1692', '4840', '1295', '4433', '3260', '5307', '1285', '4100', '3734', '4417', '4394', '856', '172', '4658', '1172', '5481', '2865', '3700', '2982', '4086', '2540', '5613', '4279', '968', '1344', '4553', '1276', '663', '3757', '4422', '3355', '1050', '1275', '4073', '3601', '5587', '5145', '2152', '302', '5139', '1423', '4477', '120', '648', '4962', '1727', '3426', '3573', '5654', '4184', '1832', '1987', '5541', '0', '1', '2', '3', '4', '0_rbf', '1_rbf', '2_rbf', '3_rbf', '4_rbf']","[1440.95811177 1441.28768037 1441.03690447 1441.23154047 1441.40541824
 1441.8153923  1441.6645392  1441.87738718 1442.7551707  1442.39054533
 1445.89136879 1445.53205496 1446.68027408 1451.3451154  1457.28602317
 1455.82996354 1450.69801269 1448.45511876 1448.81474038 1447.52504893
 1454.77479135 1458.2341216  1449.94943244 1447.4705805  1455.99350532
 1447.53450668 1447.70414168 1454.96748762 1449.02135789 1455.22958828
 1448.60509955 1448.44222438 1449.72202468 1458.59057172 1472.0677054
 1471.48238677 1491.85181256 1465.14408287 1487.60077767 1460.85289703
 1477.54404552 1494.63730289 1464.32776742 1460.59154224 1503.86468916
 1500.7646309  1469.34057161 1490.60631069 1503.54393155 1476.18060242
 1466.43006612 1487.38802126 1464.64321804 1488.98982767 1491.01173279
 1469.69039648 1498.63562307 1472.92552421 1462.78629425 1501.20363036
 1464.09883264 1503.07335342 1472.0602009  1465.77981245 1465.29159006
 1494.6262674  1471.23114912 1491.18444412 1467.92367587 1462.78711377
 1496.09084163 1484.44848354 1482.49872365 1486.44413847 1492.79254228
 1475.91630907 1460.46905884 1499.74873685 1504.45571467 1539.17358545
 1545.04914623 1566.74059892 1655.31869572 1520.97523631 1510.72797035
 1600.31936706 1585.0367923  1521.74311259 1529.72272831 1603.22404952
 1508.08607154 1575.06410894 1506.23542528 1504.66124809 1508.42746959
 1511.86888795 1585.83581343 1521.64968603 1512.69863101 1508.76117524]",Aug_ReliefF,1,0.29536129906773567,scikit_TOX-171,171,5748,StratifiedKFold n_splits = 10
MCC,0.10788474617525999,0.0002467176825853019,SVC,100,"['5060', '157', '3241', '4386', '5595', '4115', '5160', '3831', '70', '678', '4959', '5216', '3423', '2900', '1877', '300', '693', '5319', '1569', '127', '4776', '4720', '3840', '112', '800', '4131', '3854', '733', '4679', '5165', '3528', '1926', '5336', '111', '4707', '4497', '102', '489', '1257', '1889', '2092', '1420', '4678', '101', '4478', '3798', '3330', '1692', '4840', '1295', '4433', '3260', '5307', '1285', '4100', '3734', '4417', '4394', '856', '172', '4658', '1172', '5481', '2865', '3700', '2982', '4086', '2540', '5613', '4279', '968', '1344', '4553', '1276', '663', '3757', '4422', '3355', '1050', '1275', '4073', '3601', '5587', '5145', '2152', '302', '5139', '1423', '4477', '120', '648', '4962', '1727', '3426', '3573', '5654', '4184', '1832', '1987', '5541', '0', '1', '2', '3', '4', '0_rbf', '1_rbf', '2_rbf', '3_rbf', '4_rbf']","[1440.95811177 1441.28768037 1441.03690447 1441.23154047 1441.40541824
 1441.8153923  1441.6645392  1441.87738718 1442.7551707  1442.39054533
 1445.89136879 1445.53205496 1446.68027408 1451.3451154  1457.28602317
 1455.82996354 1450.69801269 1448.45511876 1448.81474038 1447.52504893
 1454.77479135 1458.2341216  1449.94943244 1447.4705805  1455.99350532
 1447.53450668 1447.70414168 1454.96748762 1449.02135789 1455.22958828
 1448.60509955 1448.44222438 1449.72202468 1458.59057172 1472.0677054
 1471.48238677 1491.85181256 1465.14408287 1487.60077767 1460.85289703
 1477.54404552 1494.63730289 1464.32776742 1460.59154224 1503.86468916
 1500.7646309  1469.34057161 1490.60631069 1503.54393155 1476.18060242
 1466.43006612 1487.38802126 1464.64321804 1488.98982767 1491.01173279
 1469.69039648 1498.63562307 1472.92552421 1462.78629425 1501.20363036
 1464.09883264 1503.07335342 1472.0602009  1465.77981245 1465.29159006
 1494.6262674  1471.23114912 1491.18444412 1467.92367587 1462.78711377
 1496.09084163 1484.44848354 1482.49872365 1486.44413847 1492.79254228
 1475.91630907 1460.46905884 1499.74873685 1504.45571467 1539.17358545
 1545.04914623 1566.74059892 1655.31869572 1520.97523631 1510.72797035
 1600.31936706 1585.0367923  1521.74311259 1529.72272831 1603.22404952
 1508.08607154 1575.06410894 1506.23542528 1504.66124809 1508.42746959
 1511.86888795 1585.83581343 1521.64968603 1512.69863101 1508.76117524]",Aug_ReliefF,1,0.29536129906773567,scikit_TOX-171,171,5748,StratifiedKFold n_splits = 10
AUC,0.7191358024691358,0.0002467176825853019,SVC,100,"['5060', '157', '3241', '4386', '5595', '4115', '5160', '3831', '70', '678', '4959', '5216', '3423', '2900', '1877', '300', '693', '5319', '1569', '127', '4776', '4720', '3840', '112', '800', '4131', '3854', '733', '4679', '5165', '3528', '1926', '5336', '111', '4707', '4497', '102', '489', '1257', '1889', '2092', '1420', '4678', '101', '4478', '3798', '3330', '1692', '4840', '1295', '4433', '3260', '5307', '1285', '4100', '3734', '4417', '4394', '856', '172', '4658', '1172', '5481', '2865', '3700', '2982', '4086', '2540', '5613', '4279', '968', '1344', '4553', '1276', '663', '3757', '4422', '3355', '1050', '1275', '4073', '3601', '5587', '5145', '2152', '302', '5139', '1423', '4477', '120', '648', '4962', '1727', '3426', '3573', '5654', '4184', '1832', '1987', '5541', '0', '1', '2', '3', '4', '0_rbf', '1_rbf', '2_rbf', '3_rbf', '4_rbf']","[1440.95811177 1441.28768037 1441.03690447 1441.23154047 1441.40541824
 1441.8153923  1441.6645392  1441.87738718 1442.7551707  1442.39054533
 1445.89136879 1445.53205496 1446.68027408 1451.3451154  1457.28602317
 1455.82996354 1450.69801269 1448.45511876 1448.81474038 1447.52504893
 1454.77479135 1458.2341216  1449.94943244 1447.4705805  1455.99350532
 1447.53450668 1447.70414168 1454.96748762 1449.02135789 1455.22958828
 1448.60509955 1448.44222438 1449.72202468 1458.59057172 1472.0677054
 1471.48238677 1491.85181256 1465.14408287 1487.60077767 1460.85289703
 1477.54404552 1494.63730289 1464.32776742 1460.59154224 1503.86468916
 1500.7646309  1469.34057161 1490.60631069 1503.54393155 1476.18060242
 1466.43006612 1487.38802126 1464.64321804 1488.98982767 1491.01173279
 1469.69039648 1498.63562307 1472.92552421 1462.78629425 1501.20363036
 1464.09883264 1503.07335342 1472.0602009  1465.77981245 1465.29159006
 1494.6262674  1471.23114912 1491.18444412 1467.92367587 1462.78711377
 1496.09084163 1484.44848354 1482.49872365 1486.44413847 1492.79254228
 1475.91630907 1460.46905884 1499.74873685 1504.45571467 1539.17358545
 1545.04914623 1566.74059892 1655.31869572 1520.97523631 1510.72797035
 1600.31936706 1585.0367923  1521.74311259 1529.72272831 1603.22404952
 1508.08607154 1575.06410894 1506.23542528 1504.66124809 1508.42746959
 1511.86888795 1585.83581343 1521.64968603 1512.69863101 1508.76117524]",Aug_ReliefF,1,0.29536129906773567,scikit_TOX-171,171,5748,StratifiedKFold n_splits = 10
PR-AUC,0.5407701148965458,0.0002467176825853019,SVC,100,"['5060', '157', '3241', '4386', '5595', '4115', '5160', '3831', '70', '678', '4959', '5216', '3423', '2900', '1877', '300', '693', '5319', '1569', '127', '4776', '4720', '3840', '112', '800', '4131', '3854', '733', '4679', '5165', '3528', '1926', '5336', '111', '4707', '4497', '102', '489', '1257', '1889', '2092', '1420', '4678', '101', '4478', '3798', '3330', '1692', '4840', '1295', '4433', '3260', '5307', '1285', '4100', '3734', '4417', '4394', '856', '172', '4658', '1172', '5481', '2865', '3700', '2982', '4086', '2540', '5613', '4279', '968', '1344', '4553', '1276', '663', '3757', '4422', '3355', '1050', '1275', '4073', '3601', '5587', '5145', '2152', '302', '5139', '1423', '4477', '120', '648', '4962', '1727', '3426', '3573', '5654', '4184', '1832', '1987', '5541', '0', '1', '2', '3', '4', '0_rbf', '1_rbf', '2_rbf', '3_rbf', '4_rbf']","[1440.95811177 1441.28768037 1441.03690447 1441.23154047 1441.40541824
 1441.8153923  1441.6645392  1441.87738718 1442.7551707  1442.39054533
 1445.89136879 1445.53205496 1446.68027408 1451.3451154  1457.28602317
 1455.82996354 1450.69801269 1448.45511876 1448.81474038 1447.52504893
 1454.77479135 1458.2341216  1449.94943244 1447.4705805  1455.99350532
 1447.53450668 1447.70414168 1454.96748762 1449.02135789 1455.22958828
 1448.60509955 1448.44222438 1449.72202468 1458.59057172 1472.0677054
 1471.48238677 1491.85181256 1465.14408287 1487.60077767 1460.85289703
 1477.54404552 1494.63730289 1464.32776742 1460.59154224 1503.86468916
 1500.7646309  1469.34057161 1490.60631069 1503.54393155 1476.18060242
 1466.43006612 1487.38802126 1464.64321804 1488.98982767 1491.01173279
 1469.69039648 1498.63562307 1472.92552421 1462.78629425 1501.20363036
 1464.09883264 1503.07335342 1472.0602009  1465.77981245 1465.29159006
 1494.6262674  1471.23114912 1491.18444412 1467.92367587 1462.78711377
 1496.09084163 1484.44848354 1482.49872365 1486.44413847 1492.79254228
 1475.91630907 1460.46905884 1499.74873685 1504.45571467 1539.17358545
 1545.04914623 1566.74059892 1655.31869572 1520.97523631 1510.72797035
 1600.31936706 1585.0367923  1521.74311259 1529.72272831 1603.22404952
 1508.08607154 1575.06410894 1506.23542528 1504.66124809 1508.42746959
 1511.86888795 1585.83581343 1521.64968603 1512.69863101 1508.76117524]",Aug_ReliefF,1,0.29536129906773567,scikit_TOX-171,171,5748,StratifiedKFold n_splits = 10
accuracy,0.5882352941176471,0.00024780275004847747,SVC,100,"['590', '3831', '5099', '396', '5481', '5216', '2377', '4382', '3528', '4115', '5654', '150', '3840', '1642', '2337', '5663', '4279', '648', '1945', '1445', '290', '4574', '950', '5618', '1721', '2648', '1926', '1930', '3074', '5130', '4073', '120', '663', '5139', '2927', '127', '3355', '4086', '5145', '1698', '1257', '1692', '1275', '1276', '1285', '140', '4422', '4417', '1686', '4477', '4478', '102', '1295', '856', '2152', '4776', '5165', '1344', '302', '5541', '5301', '1633', '4707', '4414', '1420', '2540', '300', '3798', '3757', '3789', '5307', '1423', '70', '3573', '5246', '172', '5642', '4840', '4678', '693', '2746', '1832', '4184', '2850', '2700', '3241', '3260', '4658', '968', '731', '3734', '4962', '1987', '1450', '1975', '1050', '3426', '5587', '4639', '3601', '0', '1', '2', '3', '4', '0_rbf', '1_rbf', '2_rbf', '3_rbf', '4_rbf']","[1438.43117865 1438.65822614 1439.24746059 1440.29637849 1441.38367809
 1441.11399985 1439.25607557 1442.09340602 1446.08121876 1444.6167804
 1448.55845067 1450.75211532 1442.41181145 1448.9433273  1446.41881023
 1442.80420134 1445.42051181 1447.45004016 1449.03982611 1443.05278238
 1448.13132684 1445.27606524 1446.40226219 1449.76066761 1445.87306792
 1445.46318361 1442.37413241 1449.55384324 1451.52167424 1480.55105313
 1530.49388856 1513.9214141  1485.3058828  1575.93110075 1460.29449756
 1465.67417264 1455.17457911 1471.71691728 1453.70523808 1462.13903923
 1523.11700072 1508.9835945  1481.53377199 1530.83718886 1490.39029298
 1464.48204774 1480.56230647 1526.19998178 1462.01456486 1473.11418944
 1487.92160534 1464.96745438 1477.943188   1465.97001272 1481.74406597
 1452.81252933 1457.87031394 1480.37496021 1520.68930825 1542.93741625
 1466.45210969 1465.60955873 1502.76332433 1456.87924112 1472.12985375
 1473.47028931 1452.03018693 1455.27772937 1479.51190396 1457.58537621
 1480.55843653 1503.07602783 1453.15952959 1478.45566313 1454.76693569
 1479.81415586 1496.65311009 1483.18102339 1460.27089623 1501.86869711
 1463.98079933 1523.11942601 1587.1481465  1452.53112561 1453.82237049
 1474.88798363 1471.7356457  1457.68310515 1511.0120822  1478.44907682
 1483.19565065 1567.94723006 1500.74421383 1478.94701486 1490.59384076
 1490.56712444 1478.18054384 1621.45305654 1459.79768687 1526.83914922]",Aug_ReliefF,2,0.41795316990464926,scikit_TOX-171,171,5748,StratifiedKFold n_splits = 10
MCC,0.4690425729917414,0.00024780275004847747,SVC,100,"['590', '3831', '5099', '396', '5481', '5216', '2377', '4382', '3528', '4115', '5654', '150', '3840', '1642', '2337', '5663', '4279', '648', '1945', '1445', '290', '4574', '950', '5618', '1721', '2648', '1926', '1930', '3074', '5130', '4073', '120', '663', '5139', '2927', '127', '3355', '4086', '5145', '1698', '1257', '1692', '1275', '1276', '1285', '140', '4422', '4417', '1686', '4477', '4478', '102', '1295', '856', '2152', '4776', '5165', '1344', '302', '5541', '5301', '1633', '4707', '4414', '1420', '2540', '300', '3798', '3757', '3789', '5307', '1423', '70', '3573', '5246', '172', '5642', '4840', '4678', '693', '2746', '1832', '4184', '2850', '2700', '3241', '3260', '4658', '968', '731', '3734', '4962', '1987', '1450', '1975', '1050', '3426', '5587', '4639', '3601', '0', '1', '2', '3', '4', '0_rbf', '1_rbf', '2_rbf', '3_rbf', '4_rbf']","[1438.43117865 1438.65822614 1439.24746059 1440.29637849 1441.38367809
 1441.11399985 1439.25607557 1442.09340602 1446.08121876 1444.6167804
 1448.55845067 1450.75211532 1442.41181145 1448.9433273  1446.41881023
 1442.80420134 1445.42051181 1447.45004016 1449.03982611 1443.05278238
 1448.13132684 1445.27606524 1446.40226219 1449.76066761 1445.87306792
 1445.46318361 1442.37413241 1449.55384324 1451.52167424 1480.55105313
 1530.49388856 1513.9214141  1485.3058828  1575.93110075 1460.29449756
 1465.67417264 1455.17457911 1471.71691728 1453.70523808 1462.13903923
 1523.11700072 1508.9835945  1481.53377199 1530.83718886 1490.39029298
 1464.48204774 1480.56230647 1526.19998178 1462.01456486 1473.11418944
 1487.92160534 1464.96745438 1477.943188   1465.97001272 1481.74406597
 1452.81252933 1457.87031394 1480.37496021 1520.68930825 1542.93741625
 1466.45210969 1465.60955873 1502.76332433 1456.87924112 1472.12985375
 1473.47028931 1452.03018693 1455.27772937 1479.51190396 1457.58537621
 1480.55843653 1503.07602783 1453.15952959 1478.45566313 1454.76693569
 1479.81415586 1496.65311009 1483.18102339 1460.27089623 1501.86869711
 1463.98079933 1523.11942601 1587.1481465  1452.53112561 1453.82237049
 1474.88798363 1471.7356457  1457.68310515 1511.0120822  1478.44907682
 1483.19565065 1567.94723006 1500.74421383 1478.94701486 1490.59384076
 1490.56712444 1478.18054384 1621.45305654 1459.79768687 1526.83914922]",Aug_ReliefF,2,0.41795316990464926,scikit_TOX-171,171,5748,StratifiedKFold n_splits = 10
AUC,0.8754325259515571,0.00024780275004847747,SVC,100,"['590', '3831', '5099', '396', '5481', '5216', '2377', '4382', '3528', '4115', '5654', '150', '3840', '1642', '2337', '5663', '4279', '648', '1945', '1445', '290', '4574', '950', '5618', '1721', '2648', '1926', '1930', '3074', '5130', '4073', '120', '663', '5139', '2927', '127', '3355', '4086', '5145', '1698', '1257', '1692', '1275', '1276', '1285', '140', '4422', '4417', '1686', '4477', '4478', '102', '1295', '856', '2152', '4776', '5165', '1344', '302', '5541', '5301', '1633', '4707', '4414', '1420', '2540', '300', '3798', '3757', '3789', '5307', '1423', '70', '3573', '5246', '172', '5642', '4840', '4678', '693', '2746', '1832', '4184', '2850', '2700', '3241', '3260', '4658', '968', '731', '3734', '4962', '1987', '1450', '1975', '1050', '3426', '5587', '4639', '3601', '0', '1', '2', '3', '4', '0_rbf', '1_rbf', '2_rbf', '3_rbf', '4_rbf']","[1438.43117865 1438.65822614 1439.24746059 1440.29637849 1441.38367809
 1441.11399985 1439.25607557 1442.09340602 1446.08121876 1444.6167804
 1448.55845067 1450.75211532 1442.41181145 1448.9433273  1446.41881023
 1442.80420134 1445.42051181 1447.45004016 1449.03982611 1443.05278238
 1448.13132684 1445.27606524 1446.40226219 1449.76066761 1445.87306792
 1445.46318361 1442.37413241 1449.55384324 1451.52167424 1480.55105313
 1530.49388856 1513.9214141  1485.3058828  1575.93110075 1460.29449756
 1465.67417264 1455.17457911 1471.71691728 1453.70523808 1462.13903923
 1523.11700072 1508.9835945  1481.53377199 1530.83718886 1490.39029298
 1464.48204774 1480.56230647 1526.19998178 1462.01456486 1473.11418944
 1487.92160534 1464.96745438 1477.943188   1465.97001272 1481.74406597
 1452.81252933 1457.87031394 1480.37496021 1520.68930825 1542.93741625
 1466.45210969 1465.60955873 1502.76332433 1456.87924112 1472.12985375
 1473.47028931 1452.03018693 1455.27772937 1479.51190396 1457.58537621
 1480.55843653 1503.07602783 1453.15952959 1478.45566313 1454.76693569
 1479.81415586 1496.65311009 1483.18102339 1460.27089623 1501.86869711
 1463.98079933 1523.11942601 1587.1481465  1452.53112561 1453.82237049
 1474.88798363 1471.7356457  1457.68310515 1511.0120822  1478.44907682
 1483.19565065 1567.94723006 1500.74421383 1478.94701486 1490.59384076
 1490.56712444 1478.18054384 1621.45305654 1459.79768687 1526.83914922]",Aug_ReliefF,2,0.41795316990464926,scikit_TOX-171,171,5748,StratifiedKFold n_splits = 10
PR-AUC,0.7069868049022964,0.00024780275004847747,SVC,100,"['590', '3831', '5099', '396', '5481', '5216', '2377', '4382', '3528', '4115', '5654', '150', '3840', '1642', '2337', '5663', '4279', '648', '1945', '1445', '290', '4574', '950', '5618', '1721', '2648', '1926', '1930', '3074', '5130', '4073', '120', '663', '5139', '2927', '127', '3355', '4086', '5145', '1698', '1257', '1692', '1275', '1276', '1285', '140', '4422', '4417', '1686', '4477', '4478', '102', '1295', '856', '2152', '4776', '5165', '1344', '302', '5541', '5301', '1633', '4707', '4414', '1420', '2540', '300', '3798', '3757', '3789', '5307', '1423', '70', '3573', '5246', '172', '5642', '4840', '4678', '693', '2746', '1832', '4184', '2850', '2700', '3241', '3260', '4658', '968', '731', '3734', '4962', '1987', '1450', '1975', '1050', '3426', '5587', '4639', '3601', '0', '1', '2', '3', '4', '0_rbf', '1_rbf', '2_rbf', '3_rbf', '4_rbf']","[1438.43117865 1438.65822614 1439.24746059 1440.29637849 1441.38367809
 1441.11399985 1439.25607557 1442.09340602 1446.08121876 1444.6167804
 1448.55845067 1450.75211532 1442.41181145 1448.9433273  1446.41881023
 1442.80420134 1445.42051181 1447.45004016 1449.03982611 1443.05278238
 1448.13132684 1445.27606524 1446.40226219 1449.76066761 1445.87306792
 1445.46318361 1442.37413241 1449.55384324 1451.52167424 1480.55105313
 1530.49388856 1513.9214141  1485.3058828  1575.93110075 1460.29449756
 1465.67417264 1455.17457911 1471.71691728 1453.70523808 1462.13903923
 1523.11700072 1508.9835945  1481.53377199 1530.83718886 1490.39029298
 1464.48204774 1480.56230647 1526.19998178 1462.01456486 1473.11418944
 1487.92160534 1464.96745438 1477.943188   1465.97001272 1481.74406597
 1452.81252933 1457.87031394 1480.37496021 1520.68930825 1542.93741625
 1466.45210969 1465.60955873 1502.76332433 1456.87924112 1472.12985375
 1473.47028931 1452.03018693 1455.27772937 1479.51190396 1457.58537621
 1480.55843653 1503.07602783 1453.15952959 1478.45566313 1454.76693569
 1479.81415586 1496.65311009 1483.18102339 1460.27089623 1501.86869711
 1463.98079933 1523.11942601 1587.1481465  1452.53112561 1453.82237049
 1474.88798363 1471.7356457  1457.68310515 1511.0120822  1478.44907682
 1483.19565065 1567.94723006 1500.74421383 1478.94701486 1490.59384076
 1490.56712444 1478.18054384 1621.45305654 1459.79768687 1526.83914922]",Aug_ReliefF,2,0.41795316990464926,scikit_TOX-171,171,5748,StratifiedKFold n_splits = 10
accuracy,0.6470588235294118,0.00025128297047780415,SVC,100,"['2096', '5246', '617', '4639', '1720', '1445', '800', '1633', '1688', '5654', '2494', '4776', '5642', '172', '1727', '663', '968', '2746', '693', '4073', '5314', '1257', '3573', '4086', '5130', '649', '1477', '648', '140', '5618', '4761', '5307', '1478', '1692', '3241', '127', '5216', '1344', '290', '590', '5587', '1889', '3757', '300', '1832', '4131', '302', '120', '5578', '5139', '5301', '2212', '1276', '3982', '4433', '2900', '1423', '329', '3426', '102', '101', '5099', '1420', '5075', '2982', '5145', '4477', '2220', '3245', '4478', '4840', '5541', '3840', '2152', '731', '1642', '2092', '2850', '4962', '2648', '1285', '740', '4707', '3601', '1987', '396', '3260', '4184', '4497', '3734', '1569', '4051', '5165', '1050', '5166', '1295', '1975', '4394', '4678', '4657', '0', '1', '2', '3', '4', '0_rbf', '1_rbf', '2_rbf', '3_rbf', '4_rbf']","[1443.92730344 1443.93544689 1445.02891509 1445.32071448 1444.27986774
 1445.34554143 1446.0763928  1446.72790708 1447.16457103 1479.43676873
 1457.68531453 1457.72421066 1494.72292794 1480.59543514 1504.6192094
 1500.99683337 1501.90515813 1487.43623055 1494.80736543 1526.52679214
 1452.64920294 1510.14546554 1491.61996332 1472.12792965 1447.39826457
 1473.61830127 1451.21698768 1453.54839909 1509.8114967  1475.1361308
 1453.38786963 1505.76015594 1453.33734369 1479.61520147 1463.78975627
 1470.92560804 1452.08273538 1474.81141644 1453.63844283 1451.60159466
 1648.3416057  1452.42100357 1455.01486835 1464.59746672 1473.62994614
 1451.71729995 1557.18444784 1600.1691416  1491.05356039 1561.18236469
 1482.33994372 1454.54142313 1522.39300634 1447.50720836 1480.97485514
 1466.04613921 1506.77042934 1449.61493594 1492.2322935  1495.58167347
 1494.85115575 1462.72072747 1461.93935627 1507.31074624 1493.99626566
 1496.85929456 1457.70177039 1450.45174319 1464.58330518 1472.6836598
 1518.30371774 1528.61084301 1472.86743758 1500.50922237 1466.87346352
 1474.42758612 1470.04660051 1460.29918343 1589.23068536 1458.06874605
 1470.98165148 1452.10003737 1535.59374317 1601.95903695 1493.61239385
 1450.3588078  1454.88980117 1607.68704098 1449.26351502 1487.21482296
 1482.88083442 1466.35228575 1479.11518217 1557.75450039 1449.22768317
 1500.75399627 1450.96992693 1469.83165531 1471.56562941 1452.86824142]",Aug_ReliefF,3,0.399778044084087,scikit_TOX-171,171,5748,StratifiedKFold n_splits = 10
MCC,0.5348895066781998,0.00025128297047780415,SVC,100,"['2096', '5246', '617', '4639', '1720', '1445', '800', '1633', '1688', '5654', '2494', '4776', '5642', '172', '1727', '663', '968', '2746', '693', '4073', '5314', '1257', '3573', '4086', '5130', '649', '1477', '648', '140', '5618', '4761', '5307', '1478', '1692', '3241', '127', '5216', '1344', '290', '590', '5587', '1889', '3757', '300', '1832', '4131', '302', '120', '5578', '5139', '5301', '2212', '1276', '3982', '4433', '2900', '1423', '329', '3426', '102', '101', '5099', '1420', '5075', '2982', '5145', '4477', '2220', '3245', '4478', '4840', '5541', '3840', '2152', '731', '1642', '2092', '2850', '4962', '2648', '1285', '740', '4707', '3601', '1987', '396', '3260', '4184', '4497', '3734', '1569', '4051', '5165', '1050', '5166', '1295', '1975', '4394', '4678', '4657', '0', '1', '2', '3', '4', '0_rbf', '1_rbf', '2_rbf', '3_rbf', '4_rbf']","[1443.92730344 1443.93544689 1445.02891509 1445.32071448 1444.27986774
 1445.34554143 1446.0763928  1446.72790708 1447.16457103 1479.43676873
 1457.68531453 1457.72421066 1494.72292794 1480.59543514 1504.6192094
 1500.99683337 1501.90515813 1487.43623055 1494.80736543 1526.52679214
 1452.64920294 1510.14546554 1491.61996332 1472.12792965 1447.39826457
 1473.61830127 1451.21698768 1453.54839909 1509.8114967  1475.1361308
 1453.38786963 1505.76015594 1453.33734369 1479.61520147 1463.78975627
 1470.92560804 1452.08273538 1474.81141644 1453.63844283 1451.60159466
 1648.3416057  1452.42100357 1455.01486835 1464.59746672 1473.62994614
 1451.71729995 1557.18444784 1600.1691416  1491.05356039 1561.18236469
 1482.33994372 1454.54142313 1522.39300634 1447.50720836 1480.97485514
 1466.04613921 1506.77042934 1449.61493594 1492.2322935  1495.58167347
 1494.85115575 1462.72072747 1461.93935627 1507.31074624 1493.99626566
 1496.85929456 1457.70177039 1450.45174319 1464.58330518 1472.6836598
 1518.30371774 1528.61084301 1472.86743758 1500.50922237 1466.87346352
 1474.42758612 1470.04660051 1460.29918343 1589.23068536 1458.06874605
 1470.98165148 1452.10003737 1535.59374317 1601.95903695 1493.61239385
 1450.3588078  1454.88980117 1607.68704098 1449.26351502 1487.21482296
 1482.88083442 1466.35228575 1479.11518217 1557.75450039 1449.22768317
 1500.75399627 1450.96992693 1469.83165531 1471.56562941 1452.86824142]",Aug_ReliefF,3,0.399778044084087,scikit_TOX-171,171,5748,StratifiedKFold n_splits = 10
AUC,0.881199538638985,0.00025128297047780415,SVC,100,"['2096', '5246', '617', '4639', '1720', '1445', '800', '1633', '1688', '5654', '2494', '4776', '5642', '172', '1727', '663', '968', '2746', '693', '4073', '5314', '1257', '3573', '4086', '5130', '649', '1477', '648', '140', '5618', '4761', '5307', '1478', '1692', '3241', '127', '5216', '1344', '290', '590', '5587', '1889', '3757', '300', '1832', '4131', '302', '120', '5578', '5139', '5301', '2212', '1276', '3982', '4433', '2900', '1423', '329', '3426', '102', '101', '5099', '1420', '5075', '2982', '5145', '4477', '2220', '3245', '4478', '4840', '5541', '3840', '2152', '731', '1642', '2092', '2850', '4962', '2648', '1285', '740', '4707', '3601', '1987', '396', '3260', '4184', '4497', '3734', '1569', '4051', '5165', '1050', '5166', '1295', '1975', '4394', '4678', '4657', '0', '1', '2', '3', '4', '0_rbf', '1_rbf', '2_rbf', '3_rbf', '4_rbf']","[1443.92730344 1443.93544689 1445.02891509 1445.32071448 1444.27986774
 1445.34554143 1446.0763928  1446.72790708 1447.16457103 1479.43676873
 1457.68531453 1457.72421066 1494.72292794 1480.59543514 1504.6192094
 1500.99683337 1501.90515813 1487.43623055 1494.80736543 1526.52679214
 1452.64920294 1510.14546554 1491.61996332 1472.12792965 1447.39826457
 1473.61830127 1451.21698768 1453.54839909 1509.8114967  1475.1361308
 1453.38786963 1505.76015594 1453.33734369 1479.61520147 1463.78975627
 1470.92560804 1452.08273538 1474.81141644 1453.63844283 1451.60159466
 1648.3416057  1452.42100357 1455.01486835 1464.59746672 1473.62994614
 1451.71729995 1557.18444784 1600.1691416  1491.05356039 1561.18236469
 1482.33994372 1454.54142313 1522.39300634 1447.50720836 1480.97485514
 1466.04613921 1506.77042934 1449.61493594 1492.2322935  1495.58167347
 1494.85115575 1462.72072747 1461.93935627 1507.31074624 1493.99626566
 1496.85929456 1457.70177039 1450.45174319 1464.58330518 1472.6836598
 1518.30371774 1528.61084301 1472.86743758 1500.50922237 1466.87346352
 1474.42758612 1470.04660051 1460.29918343 1589.23068536 1458.06874605
 1470.98165148 1452.10003737 1535.59374317 1601.95903695 1493.61239385
 1450.3588078  1454.88980117 1607.68704098 1449.26351502 1487.21482296
 1482.88083442 1466.35228575 1479.11518217 1557.75450039 1449.22768317
 1500.75399627 1450.96992693 1469.83165531 1471.56562941 1452.86824142]",Aug_ReliefF,3,0.399778044084087,scikit_TOX-171,171,5748,StratifiedKFold n_splits = 10
PR-AUC,0.8115304371993176,0.00025128297047780415,SVC,100,"['2096', '5246', '617', '4639', '1720', '1445', '800', '1633', '1688', '5654', '2494', '4776', '5642', '172', '1727', '663', '968', '2746', '693', '4073', '5314', '1257', '3573', '4086', '5130', '649', '1477', '648', '140', '5618', '4761', '5307', '1478', '1692', '3241', '127', '5216', '1344', '290', '590', '5587', '1889', '3757', '300', '1832', '4131', '302', '120', '5578', '5139', '5301', '2212', '1276', '3982', '4433', '2900', '1423', '329', '3426', '102', '101', '5099', '1420', '5075', '2982', '5145', '4477', '2220', '3245', '4478', '4840', '5541', '3840', '2152', '731', '1642', '2092', '2850', '4962', '2648', '1285', '740', '4707', '3601', '1987', '396', '3260', '4184', '4497', '3734', '1569', '4051', '5165', '1050', '5166', '1295', '1975', '4394', '4678', '4657', '0', '1', '2', '3', '4', '0_rbf', '1_rbf', '2_rbf', '3_rbf', '4_rbf']","[1443.92730344 1443.93544689 1445.02891509 1445.32071448 1444.27986774
 1445.34554143 1446.0763928  1446.72790708 1447.16457103 1479.43676873
 1457.68531453 1457.72421066 1494.72292794 1480.59543514 1504.6192094
 1500.99683337 1501.90515813 1487.43623055 1494.80736543 1526.52679214
 1452.64920294 1510.14546554 1491.61996332 1472.12792965 1447.39826457
 1473.61830127 1451.21698768 1453.54839909 1509.8114967  1475.1361308
 1453.38786963 1505.76015594 1453.33734369 1479.61520147 1463.78975627
 1470.92560804 1452.08273538 1474.81141644 1453.63844283 1451.60159466
 1648.3416057  1452.42100357 1455.01486835 1464.59746672 1473.62994614
 1451.71729995 1557.18444784 1600.1691416  1491.05356039 1561.18236469
 1482.33994372 1454.54142313 1522.39300634 1447.50720836 1480.97485514
 1466.04613921 1506.77042934 1449.61493594 1492.2322935  1495.58167347
 1494.85115575 1462.72072747 1461.93935627 1507.31074624 1493.99626566
 1496.85929456 1457.70177039 1450.45174319 1464.58330518 1472.6836598
 1518.30371774 1528.61084301 1472.86743758 1500.50922237 1466.87346352
 1474.42758612 1470.04660051 1460.29918343 1589.23068536 1458.06874605
 1470.98165148 1452.10003737 1535.59374317 1601.95903695 1493.61239385
 1450.3588078  1454.88980117 1607.68704098 1449.26351502 1487.21482296
 1482.88083442 1466.35228575 1479.11518217 1557.75450039 1449.22768317
 1500.75399627 1450.96992693 1469.83165531 1471.56562941 1452.86824142]",Aug_ReliefF,3,0.399778044084087,scikit_TOX-171,171,5748,StratifiedKFold n_splits = 10
accuracy,0.7058823529411765,0.00020528393911152352,SVC,100,"['4433', '5372', '4809', '5128', '2337', '2238', '3916', '1721', '5481', '157', '693', '1727', '3245', '1731', '1686', '1167', '4386', '1276', '5642', '563', '1481', '3757', '5148', '5216', '3798', '1987', '1975', '1593', '2982', '5246', '5307', '2900', '124', '300', '5578', '1930', '4478', '290', '1555', '1420', '2858', '3119', '150', '968', '3426', '4639', '4477', '1832', '1050', '4657', '3331', '4776', '736', '4394', '4840', '3601', '731', '2540', '1739', '3260', '3241', '2092', '1720', '663', '648', '1692', '4962', '101', '2152', '2648', '1275', '102', '1285', '4184', '3144', '1295', '3074', '5139', '3776', '5165', '4100', '2278', '424', '1344', '120', '4073', '5301', '5618', '2944', '1395', '302', '284', '2494', '1423', '2850', '5541', '2746', '140', '5587', '4812', '0', '1', '2', '3', '4', '0_rbf', '1_rbf', '2_rbf', '3_rbf', '4_rbf']","[1441.54087634 1441.62980145 1441.67558566 1442.10762596 1442.19029496
 1442.38386365 1442.46819609 1442.83610483 1442.89573291 1456.45674829
 1455.03802765 1451.29229907 1450.52354135 1445.67352761 1449.16352171
 1443.19919059 1447.12186439 1457.10325357 1448.6545492  1458.15661166
 1443.4181989  1453.72312168 1444.04966312 1455.80751893 1447.03356683
 1454.43494704 1443.26220445 1451.75481351 1451.93616358 1457.08430324
 1445.56587153 1452.15120761 1457.9414057  1457.81516866 1455.53656398
 1448.32106372 1447.03011725 1455.72488633 1449.05755877 1449.89089354
 1448.13828065 1457.46577514 1458.54233633 1528.72790594 1501.70191308
 1466.27687038 1474.18487775 1479.63096167 1525.96246192 1473.24861273
 1465.8082032  1467.60945674 1472.42933378 1483.41278601 1534.80106932
 1491.00348039 1491.04406419 1516.24528892 1480.25272655 1525.47257818
 1474.9020496  1545.11096441 1479.30609612 1470.78255646 1508.46170051
 1495.82341101 1530.92290606 1507.41793858 1504.9859825  1468.28982489
 1483.33705642 1478.6095133  1504.44504921 1579.29960833 1458.77953345
 1530.57510487 1483.2431028  1484.7608698  1508.69139986 1466.3221869
 1489.27705547 1458.65470198 1460.78689945 1503.96035029 1564.79648673
 1543.16575498 1461.88675465 1466.95941718 1498.10246015 1469.86375967
 1515.49967189 1477.97996915 1464.82703133 1479.5934741  1462.60198108
 1511.05176755 1512.52809695 1500.97113968 1673.19501339 1464.65007529]",Aug_ReliefF,4,0.38616857794113457,scikit_TOX-171,171,5748,StratifiedKFold n_splits = 10
MCC,0.6305088040873364,0.00020528393911152352,SVC,100,"['4433', '5372', '4809', '5128', '2337', '2238', '3916', '1721', '5481', '157', '693', '1727', '3245', '1731', '1686', '1167', '4386', '1276', '5642', '563', '1481', '3757', '5148', '5216', '3798', '1987', '1975', '1593', '2982', '5246', '5307', '2900', '124', '300', '5578', '1930', '4478', '290', '1555', '1420', '2858', '3119', '150', '968', '3426', '4639', '4477', '1832', '1050', '4657', '3331', '4776', '736', '4394', '4840', '3601', '731', '2540', '1739', '3260', '3241', '2092', '1720', '663', '648', '1692', '4962', '101', '2152', '2648', '1275', '102', '1285', '4184', '3144', '1295', '3074', '5139', '3776', '5165', '4100', '2278', '424', '1344', '120', '4073', '5301', '5618', '2944', '1395', '302', '284', '2494', '1423', '2850', '5541', '2746', '140', '5587', '4812', '0', '1', '2', '3', '4', '0_rbf', '1_rbf', '2_rbf', '3_rbf', '4_rbf']","[1441.54087634 1441.62980145 1441.67558566 1442.10762596 1442.19029496
 1442.38386365 1442.46819609 1442.83610483 1442.89573291 1456.45674829
 1455.03802765 1451.29229907 1450.52354135 1445.67352761 1449.16352171
 1443.19919059 1447.12186439 1457.10325357 1448.6545492  1458.15661166
 1443.4181989  1453.72312168 1444.04966312 1455.80751893 1447.03356683
 1454.43494704 1443.26220445 1451.75481351 1451.93616358 1457.08430324
 1445.56587153 1452.15120761 1457.9414057  1457.81516866 1455.53656398
 1448.32106372 1447.03011725 1455.72488633 1449.05755877 1449.89089354
 1448.13828065 1457.46577514 1458.54233633 1528.72790594 1501.70191308
 1466.27687038 1474.18487775 1479.63096167 1525.96246192 1473.24861273
 1465.8082032  1467.60945674 1472.42933378 1483.41278601 1534.80106932
 1491.00348039 1491.04406419 1516.24528892 1480.25272655 1525.47257818
 1474.9020496  1545.11096441 1479.30609612 1470.78255646 1508.46170051
 1495.82341101 1530.92290606 1507.41793858 1504.9859825  1468.28982489
 1483.33705642 1478.6095133  1504.44504921 1579.29960833 1458.77953345
 1530.57510487 1483.2431028  1484.7608698  1508.69139986 1466.3221869
 1489.27705547 1458.65470198 1460.78689945 1503.96035029 1564.79648673
 1543.16575498 1461.88675465 1466.95941718 1498.10246015 1469.86375967
 1515.49967189 1477.97996915 1464.82703133 1479.5934741  1462.60198108
 1511.05176755 1512.52809695 1500.97113968 1673.19501339 1464.65007529]",Aug_ReliefF,4,0.38616857794113457,scikit_TOX-171,171,5748,StratifiedKFold n_splits = 10
AUC,0.9319492502883506,0.00020528393911152352,SVC,100,"['4433', '5372', '4809', '5128', '2337', '2238', '3916', '1721', '5481', '157', '693', '1727', '3245', '1731', '1686', '1167', '4386', '1276', '5642', '563', '1481', '3757', '5148', '5216', '3798', '1987', '1975', '1593', '2982', '5246', '5307', '2900', '124', '300', '5578', '1930', '4478', '290', '1555', '1420', '2858', '3119', '150', '968', '3426', '4639', '4477', '1832', '1050', '4657', '3331', '4776', '736', '4394', '4840', '3601', '731', '2540', '1739', '3260', '3241', '2092', '1720', '663', '648', '1692', '4962', '101', '2152', '2648', '1275', '102', '1285', '4184', '3144', '1295', '3074', '5139', '3776', '5165', '4100', '2278', '424', '1344', '120', '4073', '5301', '5618', '2944', '1395', '302', '284', '2494', '1423', '2850', '5541', '2746', '140', '5587', '4812', '0', '1', '2', '3', '4', '0_rbf', '1_rbf', '2_rbf', '3_rbf', '4_rbf']","[1441.54087634 1441.62980145 1441.67558566 1442.10762596 1442.19029496
 1442.38386365 1442.46819609 1442.83610483 1442.89573291 1456.45674829
 1455.03802765 1451.29229907 1450.52354135 1445.67352761 1449.16352171
 1443.19919059 1447.12186439 1457.10325357 1448.6545492  1458.15661166
 1443.4181989  1453.72312168 1444.04966312 1455.80751893 1447.03356683
 1454.43494704 1443.26220445 1451.75481351 1451.93616358 1457.08430324
 1445.56587153 1452.15120761 1457.9414057  1457.81516866 1455.53656398
 1448.32106372 1447.03011725 1455.72488633 1449.05755877 1449.89089354
 1448.13828065 1457.46577514 1458.54233633 1528.72790594 1501.70191308
 1466.27687038 1474.18487775 1479.63096167 1525.96246192 1473.24861273
 1465.8082032  1467.60945674 1472.42933378 1483.41278601 1534.80106932
 1491.00348039 1491.04406419 1516.24528892 1480.25272655 1525.47257818
 1474.9020496  1545.11096441 1479.30609612 1470.78255646 1508.46170051
 1495.82341101 1530.92290606 1507.41793858 1504.9859825  1468.28982489
 1483.33705642 1478.6095133  1504.44504921 1579.29960833 1458.77953345
 1530.57510487 1483.2431028  1484.7608698  1508.69139986 1466.3221869
 1489.27705547 1458.65470198 1460.78689945 1503.96035029 1564.79648673
 1543.16575498 1461.88675465 1466.95941718 1498.10246015 1469.86375967
 1515.49967189 1477.97996915 1464.82703133 1479.5934741  1462.60198108
 1511.05176755 1512.52809695 1500.97113968 1673.19501339 1464.65007529]",Aug_ReliefF,4,0.38616857794113457,scikit_TOX-171,171,5748,StratifiedKFold n_splits = 10
PR-AUC,0.7954221378933656,0.00020528393911152352,SVC,100,"['4433', '5372', '4809', '5128', '2337', '2238', '3916', '1721', '5481', '157', '693', '1727', '3245', '1731', '1686', '1167', '4386', '1276', '5642', '563', '1481', '3757', '5148', '5216', '3798', '1987', '1975', '1593', '2982', '5246', '5307', '2900', '124', '300', '5578', '1930', '4478', '290', '1555', '1420', '2858', '3119', '150', '968', '3426', '4639', '4477', '1832', '1050', '4657', '3331', '4776', '736', '4394', '4840', '3601', '731', '2540', '1739', '3260', '3241', '2092', '1720', '663', '648', '1692', '4962', '101', '2152', '2648', '1275', '102', '1285', '4184', '3144', '1295', '3074', '5139', '3776', '5165', '4100', '2278', '424', '1344', '120', '4073', '5301', '5618', '2944', '1395', '302', '284', '2494', '1423', '2850', '5541', '2746', '140', '5587', '4812', '0', '1', '2', '3', '4', '0_rbf', '1_rbf', '2_rbf', '3_rbf', '4_rbf']","[1441.54087634 1441.62980145 1441.67558566 1442.10762596 1442.19029496
 1442.38386365 1442.46819609 1442.83610483 1442.89573291 1456.45674829
 1455.03802765 1451.29229907 1450.52354135 1445.67352761 1449.16352171
 1443.19919059 1447.12186439 1457.10325357 1448.6545492  1458.15661166
 1443.4181989  1453.72312168 1444.04966312 1455.80751893 1447.03356683
 1454.43494704 1443.26220445 1451.75481351 1451.93616358 1457.08430324
 1445.56587153 1452.15120761 1457.9414057  1457.81516866 1455.53656398
 1448.32106372 1447.03011725 1455.72488633 1449.05755877 1449.89089354
 1448.13828065 1457.46577514 1458.54233633 1528.72790594 1501.70191308
 1466.27687038 1474.18487775 1479.63096167 1525.96246192 1473.24861273
 1465.8082032  1467.60945674 1472.42933378 1483.41278601 1534.80106932
 1491.00348039 1491.04406419 1516.24528892 1480.25272655 1525.47257818
 1474.9020496  1545.11096441 1479.30609612 1470.78255646 1508.46170051
 1495.82341101 1530.92290606 1507.41793858 1504.9859825  1468.28982489
 1483.33705642 1478.6095133  1504.44504921 1579.29960833 1458.77953345
 1530.57510487 1483.2431028  1484.7608698  1508.69139986 1466.3221869
 1489.27705547 1458.65470198 1460.78689945 1503.96035029 1564.79648673
 1543.16575498 1461.88675465 1466.95941718 1498.10246015 1469.86375967
 1515.49967189 1477.97996915 1464.82703133 1479.5934741  1462.60198108
 1511.05176755 1512.52809695 1500.97113968 1673.19501339 1464.65007529]",Aug_ReliefF,4,0.38616857794113457,scikit_TOX-171,171,5748,StratifiedKFold n_splits = 10
accuracy,0.6470588235294118,0.00014797146375313764,SVC,100,"['1720', '489', '740', '4574', '1172', '1083', '3260', '4776', '3066', '5213', '4569', '5246', '3944', '2685', '5211', '477', '3528', '2746', '4184', '1498', '968', '663', '1945', '5481', '59', '5618', '4639', '1130', '1365', '3601', '1555', '1983', '4548', '1739', '1648', '1889', '1987', '137', '5268', '4131', '300', '1688', '4118', '3855', '1423', '5119', '4928', '4414', '2494', '101', '5578', '4417', '403', '1276', '4477', '5141', '5139', '1050', '2017', '396', '1167', '3678', '2540', '2600', '5372', '4707', '4051', '678', '3916', '4478', '1344', '693', '1285', '1692', '3798', '43', '3644', '1686', '2982', '1257', '731', '4840', '3573', '2900', '5083', '284', '3943', '2092', '1975', '2858', '302', '648', '1420', '5587', '122', '102', '120', '4073', '4048', '3757', '0', '1', '2', '3', '4', '0_rbf', '1_rbf', '2_rbf', '3_rbf', '4_rbf']","[1443.95654534 1455.66327766 1450.93252877 1447.44769552 1455.82804292
 1458.40386383 1474.12543187 1465.28804467 1444.34103801 1458.80650186
 1456.15298274 1464.53613344 1462.11014164 1444.9989227  1452.80901604
 1444.39764349 1447.85892127 1447.55442654 1460.36372442 1452.95804568
 1475.7881604  1454.1160788  1474.52789456 1453.00368667 1449.90219573
 1459.19827585 1458.01537578 1459.22304996 1450.88673452 1472.7881196
 1469.56391053 1448.84915427 1459.412159   1457.61262928 1470.82428559
 1456.77892705 1452.19584383 1455.01850246 1469.24872377 1474.31053083
 1447.61917949 1446.49903562 1452.67122369 1450.54020021 1448.76355566
 1446.42461474 1466.50875393 1461.49114632 1461.70863965 1476.03742092
 1473.65591305 1446.21638731 1446.46671189 1465.37732603 1459.87382743
 1448.09564652 1462.4036433  1457.06517524 1456.69527301 1455.01752961
 1456.74605338 1448.56155107 1470.64380227 1449.05729523 1448.71061743
 1453.23175128 1449.97990835 1450.83606056 1477.2899727  1477.36392187
 1508.18111077 1519.30694274 1536.37175459 1490.46257016 1478.42850967
 1492.71781085 1484.26357841 1495.95199055 1482.66010002 1489.90162347
 1520.92463281 1493.72822194 1492.07766494 1479.49983474 1481.073428
 1479.92461067 1487.53411604 1515.4532918  1491.93137389 1481.22250416
 1526.23360263 1480.53452335 1492.78485588 1607.4883079  1482.47536084
 1482.68700291 1543.13503339 1533.06000562 1498.20422352 1486.84312344]",Aug_ReliefF,5,0.3011362690012902,scikit_TOX-171,171,5748,StratifiedKFold n_splits = 10
MCC,0.5868810337931248,0.00014797146375313764,SVC,100,"['1720', '489', '740', '4574', '1172', '1083', '3260', '4776', '3066', '5213', '4569', '5246', '3944', '2685', '5211', '477', '3528', '2746', '4184', '1498', '968', '663', '1945', '5481', '59', '5618', '4639', '1130', '1365', '3601', '1555', '1983', '4548', '1739', '1648', '1889', '1987', '137', '5268', '4131', '300', '1688', '4118', '3855', '1423', '5119', '4928', '4414', '2494', '101', '5578', '4417', '403', '1276', '4477', '5141', '5139', '1050', '2017', '396', '1167', '3678', '2540', '2600', '5372', '4707', '4051', '678', '3916', '4478', '1344', '693', '1285', '1692', '3798', '43', '3644', '1686', '2982', '1257', '731', '4840', '3573', '2900', '5083', '284', '3943', '2092', '1975', '2858', '302', '648', '1420', '5587', '122', '102', '120', '4073', '4048', '3757', '0', '1', '2', '3', '4', '0_rbf', '1_rbf', '2_rbf', '3_rbf', '4_rbf']","[1443.95654534 1455.66327766 1450.93252877 1447.44769552 1455.82804292
 1458.40386383 1474.12543187 1465.28804467 1444.34103801 1458.80650186
 1456.15298274 1464.53613344 1462.11014164 1444.9989227  1452.80901604
 1444.39764349 1447.85892127 1447.55442654 1460.36372442 1452.95804568
 1475.7881604  1454.1160788  1474.52789456 1453.00368667 1449.90219573
 1459.19827585 1458.01537578 1459.22304996 1450.88673452 1472.7881196
 1469.56391053 1448.84915427 1459.412159   1457.61262928 1470.82428559
 1456.77892705 1452.19584383 1455.01850246 1469.24872377 1474.31053083
 1447.61917949 1446.49903562 1452.67122369 1450.54020021 1448.76355566
 1446.42461474 1466.50875393 1461.49114632 1461.70863965 1476.03742092
 1473.65591305 1446.21638731 1446.46671189 1465.37732603 1459.87382743
 1448.09564652 1462.4036433  1457.06517524 1456.69527301 1455.01752961
 1456.74605338 1448.56155107 1470.64380227 1449.05729523 1448.71061743
 1453.23175128 1449.97990835 1450.83606056 1477.2899727  1477.36392187
 1508.18111077 1519.30694274 1536.37175459 1490.46257016 1478.42850967
 1492.71781085 1484.26357841 1495.95199055 1482.66010002 1489.90162347
 1520.92463281 1493.72822194 1492.07766494 1479.49983474 1481.073428
 1479.92461067 1487.53411604 1515.4532918  1491.93137389 1481.22250416
 1526.23360263 1480.53452335 1492.78485588 1607.4883079  1482.47536084
 1482.68700291 1543.13503339 1533.06000562 1498.20422352 1486.84312344]",Aug_ReliefF,5,0.3011362690012902,scikit_TOX-171,171,5748,StratifiedKFold n_splits = 10
AUC,0.8396770472895041,0.00014797146375313764,SVC,100,"['1720', '489', '740', '4574', '1172', '1083', '3260', '4776', '3066', '5213', '4569', '5246', '3944', '2685', '5211', '477', '3528', '2746', '4184', '1498', '968', '663', '1945', '5481', '59', '5618', '4639', '1130', '1365', '3601', '1555', '1983', '4548', '1739', '1648', '1889', '1987', '137', '5268', '4131', '300', '1688', '4118', '3855', '1423', '5119', '4928', '4414', '2494', '101', '5578', '4417', '403', '1276', '4477', '5141', '5139', '1050', '2017', '396', '1167', '3678', '2540', '2600', '5372', '4707', '4051', '678', '3916', '4478', '1344', '693', '1285', '1692', '3798', '43', '3644', '1686', '2982', '1257', '731', '4840', '3573', '2900', '5083', '284', '3943', '2092', '1975', '2858', '302', '648', '1420', '5587', '122', '102', '120', '4073', '4048', '3757', '0', '1', '2', '3', '4', '0_rbf', '1_rbf', '2_rbf', '3_rbf', '4_rbf']","[1443.95654534 1455.66327766 1450.93252877 1447.44769552 1455.82804292
 1458.40386383 1474.12543187 1465.28804467 1444.34103801 1458.80650186
 1456.15298274 1464.53613344 1462.11014164 1444.9989227  1452.80901604
 1444.39764349 1447.85892127 1447.55442654 1460.36372442 1452.95804568
 1475.7881604  1454.1160788  1474.52789456 1453.00368667 1449.90219573
 1459.19827585 1458.01537578 1459.22304996 1450.88673452 1472.7881196
 1469.56391053 1448.84915427 1459.412159   1457.61262928 1470.82428559
 1456.77892705 1452.19584383 1455.01850246 1469.24872377 1474.31053083
 1447.61917949 1446.49903562 1452.67122369 1450.54020021 1448.76355566
 1446.42461474 1466.50875393 1461.49114632 1461.70863965 1476.03742092
 1473.65591305 1446.21638731 1446.46671189 1465.37732603 1459.87382743
 1448.09564652 1462.4036433  1457.06517524 1456.69527301 1455.01752961
 1456.74605338 1448.56155107 1470.64380227 1449.05729523 1448.71061743
 1453.23175128 1449.97990835 1450.83606056 1477.2899727  1477.36392187
 1508.18111077 1519.30694274 1536.37175459 1490.46257016 1478.42850967
 1492.71781085 1484.26357841 1495.95199055 1482.66010002 1489.90162347
 1520.92463281 1493.72822194 1492.07766494 1479.49983474 1481.073428
 1479.92461067 1487.53411604 1515.4532918  1491.93137389 1481.22250416
 1526.23360263 1480.53452335 1492.78485588 1607.4883079  1482.47536084
 1482.68700291 1543.13503339 1533.06000562 1498.20422352 1486.84312344]",Aug_ReliefF,5,0.3011362690012902,scikit_TOX-171,171,5748,StratifiedKFold n_splits = 10
PR-AUC,0.6171681685921284,0.00014797146375313764,SVC,100,"['1720', '489', '740', '4574', '1172', '1083', '3260', '4776', '3066', '5213', '4569', '5246', '3944', '2685', '5211', '477', '3528', '2746', '4184', '1498', '968', '663', '1945', '5481', '59', '5618', '4639', '1130', '1365', '3601', '1555', '1983', '4548', '1739', '1648', '1889', '1987', '137', '5268', '4131', '300', '1688', '4118', '3855', '1423', '5119', '4928', '4414', '2494', '101', '5578', '4417', '403', '1276', '4477', '5141', '5139', '1050', '2017', '396', '1167', '3678', '2540', '2600', '5372', '4707', '4051', '678', '3916', '4478', '1344', '693', '1285', '1692', '3798', '43', '3644', '1686', '2982', '1257', '731', '4840', '3573', '2900', '5083', '284', '3943', '2092', '1975', '2858', '302', '648', '1420', '5587', '122', '102', '120', '4073', '4048', '3757', '0', '1', '2', '3', '4', '0_rbf', '1_rbf', '2_rbf', '3_rbf', '4_rbf']","[1443.95654534 1455.66327766 1450.93252877 1447.44769552 1455.82804292
 1458.40386383 1474.12543187 1465.28804467 1444.34103801 1458.80650186
 1456.15298274 1464.53613344 1462.11014164 1444.9989227  1452.80901604
 1444.39764349 1447.85892127 1447.55442654 1460.36372442 1452.95804568
 1475.7881604  1454.1160788  1474.52789456 1453.00368667 1449.90219573
 1459.19827585 1458.01537578 1459.22304996 1450.88673452 1472.7881196
 1469.56391053 1448.84915427 1459.412159   1457.61262928 1470.82428559
 1456.77892705 1452.19584383 1455.01850246 1469.24872377 1474.31053083
 1447.61917949 1446.49903562 1452.67122369 1450.54020021 1448.76355566
 1446.42461474 1466.50875393 1461.49114632 1461.70863965 1476.03742092
 1473.65591305 1446.21638731 1446.46671189 1465.37732603 1459.87382743
 1448.09564652 1462.4036433  1457.06517524 1456.69527301 1455.01752961
 1456.74605338 1448.56155107 1470.64380227 1449.05729523 1448.71061743
 1453.23175128 1449.97990835 1450.83606056 1477.2899727  1477.36392187
 1508.18111077 1519.30694274 1536.37175459 1490.46257016 1478.42850967
 1492.71781085 1484.26357841 1495.95199055 1482.66010002 1489.90162347
 1520.92463281 1493.72822194 1492.07766494 1479.49983474 1481.073428
 1479.92461067 1487.53411604 1515.4532918  1491.93137389 1481.22250416
 1526.23360263 1480.53452335 1492.78485588 1607.4883079  1482.47536084
 1482.68700291 1543.13503339 1533.06000562 1498.20422352 1486.84312344]",Aug_ReliefF,5,0.3011362690012902,scikit_TOX-171,171,5748,StratifiedKFold n_splits = 10
accuracy,0.8235294117647058,0.00013676823241772447,SVC,100,"['1409', '5613', '4166', '2490', '656', '4574', '4761', '5216', '3006', '124', '5198', '4414', '3943', '740', '4657', '3757', '2014', '3427', '102', '4184', '4678', '3047', '950', '947', '302', '300', '1930', '4707', '3051', '1423', '2746', '3601', '1889', '1344', '4386', '2927', '284', '486', '489', '4394', '1450', '2850', '4776', '4607', '5213', '1468', '2055', '2337', '120', '856', '1832', '4048', '2092', '2858', '1285', '4417', '1498', '5145', '5141', '5139', '59', '5130', '4840', '1050', '2540', '1276', '1275', '5099', '2152', '127', '5083', '1731', '5075', '3776', '1727', '2982', '1721', '5060', '648', '2700', '5578', '1172', '663', '1257', '5587', '172', '1692', '1688', '1686', '678', '3260', '2564', '1167', '1650', '1642', '5604', '3245', '4962', '731', '3241', '0', '1', '2', '3', '4', '0_rbf', '1_rbf', '2_rbf', '3_rbf', '4_rbf']","[1437.38520206 1438.27103433 1438.32006063 1437.46054824 1438.44840307
 1438.5375001  1439.94221674 1442.6981831  1441.59601341 1440.72512145
 1440.27033483 1440.86582016 1439.93559085 1438.94377398 1440.02865489
 1442.80938688 1497.69142998 1470.77134429 1506.26590398 1487.97991656
 1445.66833219 1443.06723991 1455.37986721 1447.9064991  1471.28441805
 1486.17384511 1457.57227582 1478.62949574 1473.48096157 1461.37611552
 1472.80793278 1446.67063262 1524.14257908 1482.86986127 1447.66179883
 1443.16636183 1471.14222697 1457.04557847 1454.45849588 1445.70655362
 1471.62777536 1510.92949602 1454.74365566 1501.79757901 1464.46408262
 1470.25542873 1445.50492606 1472.19386701 1555.40412327 1490.0497171
 1464.81216725 1448.95176077 1528.32536485 1447.1977294  1512.73493769
 1485.46233437 1485.81716401 1473.28455618 1463.77805976 1481.21741452
 1482.24427112 1449.30115231 1478.71973176 1450.17394972 1488.42805752
 1474.570709   1449.45751849 1452.26858927 1445.39947584 1457.69152734
 1445.8004515  1447.42017968 1482.63129328 1467.83262982 1466.28824666
 1470.10739318 1451.26021966 1466.24172897 1513.97245101 1465.67002276
 1445.23537787 1484.18075642 1510.55587937 1504.02044115 1615.70726021
 1460.72624323 1490.96789822 1460.91021543 1495.86276649 1477.78260562
 1491.30062076 1446.76808318 1468.78432371 1453.41806771 1469.72422719
 1488.59903106 1479.50690097 1451.20207929 1457.27933662 1462.89865769]",Aug_ReliefF,6,0.2371210320852697,scikit_TOX-171,171,5748,StratifiedKFold n_splits = 10
MCC,0.8003267306650412,0.00013676823241772447,SVC,100,"['1409', '5613', '4166', '2490', '656', '4574', '4761', '5216', '3006', '124', '5198', '4414', '3943', '740', '4657', '3757', '2014', '3427', '102', '4184', '4678', '3047', '950', '947', '302', '300', '1930', '4707', '3051', '1423', '2746', '3601', '1889', '1344', '4386', '2927', '284', '486', '489', '4394', '1450', '2850', '4776', '4607', '5213', '1468', '2055', '2337', '120', '856', '1832', '4048', '2092', '2858', '1285', '4417', '1498', '5145', '5141', '5139', '59', '5130', '4840', '1050', '2540', '1276', '1275', '5099', '2152', '127', '5083', '1731', '5075', '3776', '1727', '2982', '1721', '5060', '648', '2700', '5578', '1172', '663', '1257', '5587', '172', '1692', '1688', '1686', '678', '3260', '2564', '1167', '1650', '1642', '5604', '3245', '4962', '731', '3241', '0', '1', '2', '3', '4', '0_rbf', '1_rbf', '2_rbf', '3_rbf', '4_rbf']","[1437.38520206 1438.27103433 1438.32006063 1437.46054824 1438.44840307
 1438.5375001  1439.94221674 1442.6981831  1441.59601341 1440.72512145
 1440.27033483 1440.86582016 1439.93559085 1438.94377398 1440.02865489
 1442.80938688 1497.69142998 1470.77134429 1506.26590398 1487.97991656
 1445.66833219 1443.06723991 1455.37986721 1447.9064991  1471.28441805
 1486.17384511 1457.57227582 1478.62949574 1473.48096157 1461.37611552
 1472.80793278 1446.67063262 1524.14257908 1482.86986127 1447.66179883
 1443.16636183 1471.14222697 1457.04557847 1454.45849588 1445.70655362
 1471.62777536 1510.92949602 1454.74365566 1501.79757901 1464.46408262
 1470.25542873 1445.50492606 1472.19386701 1555.40412327 1490.0497171
 1464.81216725 1448.95176077 1528.32536485 1447.1977294  1512.73493769
 1485.46233437 1485.81716401 1473.28455618 1463.77805976 1481.21741452
 1482.24427112 1449.30115231 1478.71973176 1450.17394972 1488.42805752
 1474.570709   1449.45751849 1452.26858927 1445.39947584 1457.69152734
 1445.8004515  1447.42017968 1482.63129328 1467.83262982 1466.28824666
 1470.10739318 1451.26021966 1466.24172897 1513.97245101 1465.67002276
 1445.23537787 1484.18075642 1510.55587937 1504.02044115 1615.70726021
 1460.72624323 1490.96789822 1460.91021543 1495.86276649 1477.78260562
 1491.30062076 1446.76808318 1468.78432371 1453.41806771 1469.72422719
 1488.59903106 1479.50690097 1451.20207929 1457.27933662 1462.89865769]",Aug_ReliefF,6,0.2371210320852697,scikit_TOX-171,171,5748,StratifiedKFold n_splits = 10
AUC,0.9204152249134948,0.00013676823241772447,SVC,100,"['1409', '5613', '4166', '2490', '656', '4574', '4761', '5216', '3006', '124', '5198', '4414', '3943', '740', '4657', '3757', '2014', '3427', '102', '4184', '4678', '3047', '950', '947', '302', '300', '1930', '4707', '3051', '1423', '2746', '3601', '1889', '1344', '4386', '2927', '284', '486', '489', '4394', '1450', '2850', '4776', '4607', '5213', '1468', '2055', '2337', '120', '856', '1832', '4048', '2092', '2858', '1285', '4417', '1498', '5145', '5141', '5139', '59', '5130', '4840', '1050', '2540', '1276', '1275', '5099', '2152', '127', '5083', '1731', '5075', '3776', '1727', '2982', '1721', '5060', '648', '2700', '5578', '1172', '663', '1257', '5587', '172', '1692', '1688', '1686', '678', '3260', '2564', '1167', '1650', '1642', '5604', '3245', '4962', '731', '3241', '0', '1', '2', '3', '4', '0_rbf', '1_rbf', '2_rbf', '3_rbf', '4_rbf']","[1437.38520206 1438.27103433 1438.32006063 1437.46054824 1438.44840307
 1438.5375001  1439.94221674 1442.6981831  1441.59601341 1440.72512145
 1440.27033483 1440.86582016 1439.93559085 1438.94377398 1440.02865489
 1442.80938688 1497.69142998 1470.77134429 1506.26590398 1487.97991656
 1445.66833219 1443.06723991 1455.37986721 1447.9064991  1471.28441805
 1486.17384511 1457.57227582 1478.62949574 1473.48096157 1461.37611552
 1472.80793278 1446.67063262 1524.14257908 1482.86986127 1447.66179883
 1443.16636183 1471.14222697 1457.04557847 1454.45849588 1445.70655362
 1471.62777536 1510.92949602 1454.74365566 1501.79757901 1464.46408262
 1470.25542873 1445.50492606 1472.19386701 1555.40412327 1490.0497171
 1464.81216725 1448.95176077 1528.32536485 1447.1977294  1512.73493769
 1485.46233437 1485.81716401 1473.28455618 1463.77805976 1481.21741452
 1482.24427112 1449.30115231 1478.71973176 1450.17394972 1488.42805752
 1474.570709   1449.45751849 1452.26858927 1445.39947584 1457.69152734
 1445.8004515  1447.42017968 1482.63129328 1467.83262982 1466.28824666
 1470.10739318 1451.26021966 1466.24172897 1513.97245101 1465.67002276
 1445.23537787 1484.18075642 1510.55587937 1504.02044115 1615.70726021
 1460.72624323 1490.96789822 1460.91021543 1495.86276649 1477.78260562
 1491.30062076 1446.76808318 1468.78432371 1453.41806771 1469.72422719
 1488.59903106 1479.50690097 1451.20207929 1457.27933662 1462.89865769]",Aug_ReliefF,6,0.2371210320852697,scikit_TOX-171,171,5748,StratifiedKFold n_splits = 10
PR-AUC,0.7852451171194892,0.00013676823241772447,SVC,100,"['1409', '5613', '4166', '2490', '656', '4574', '4761', '5216', '3006', '124', '5198', '4414', '3943', '740', '4657', '3757', '2014', '3427', '102', '4184', '4678', '3047', '950', '947', '302', '300', '1930', '4707', '3051', '1423', '2746', '3601', '1889', '1344', '4386', '2927', '284', '486', '489', '4394', '1450', '2850', '4776', '4607', '5213', '1468', '2055', '2337', '120', '856', '1832', '4048', '2092', '2858', '1285', '4417', '1498', '5145', '5141', '5139', '59', '5130', '4840', '1050', '2540', '1276', '1275', '5099', '2152', '127', '5083', '1731', '5075', '3776', '1727', '2982', '1721', '5060', '648', '2700', '5578', '1172', '663', '1257', '5587', '172', '1692', '1688', '1686', '678', '3260', '2564', '1167', '1650', '1642', '5604', '3245', '4962', '731', '3241', '0', '1', '2', '3', '4', '0_rbf', '1_rbf', '2_rbf', '3_rbf', '4_rbf']","[1437.38520206 1438.27103433 1438.32006063 1437.46054824 1438.44840307
 1438.5375001  1439.94221674 1442.6981831  1441.59601341 1440.72512145
 1440.27033483 1440.86582016 1439.93559085 1438.94377398 1440.02865489
 1442.80938688 1497.69142998 1470.77134429 1506.26590398 1487.97991656
 1445.66833219 1443.06723991 1455.37986721 1447.9064991  1471.28441805
 1486.17384511 1457.57227582 1478.62949574 1473.48096157 1461.37611552
 1472.80793278 1446.67063262 1524.14257908 1482.86986127 1447.66179883
 1443.16636183 1471.14222697 1457.04557847 1454.45849588 1445.70655362
 1471.62777536 1510.92949602 1454.74365566 1501.79757901 1464.46408262
 1470.25542873 1445.50492606 1472.19386701 1555.40412327 1490.0497171
 1464.81216725 1448.95176077 1528.32536485 1447.1977294  1512.73493769
 1485.46233437 1485.81716401 1473.28455618 1463.77805976 1481.21741452
 1482.24427112 1449.30115231 1478.71973176 1450.17394972 1488.42805752
 1474.570709   1449.45751849 1452.26858927 1445.39947584 1457.69152734
 1445.8004515  1447.42017968 1482.63129328 1467.83262982 1466.28824666
 1470.10739318 1451.26021966 1466.24172897 1513.97245101 1465.67002276
 1445.23537787 1484.18075642 1510.55587937 1504.02044115 1615.70726021
 1460.72624323 1490.96789822 1460.91021543 1495.86276649 1477.78260562
 1491.30062076 1446.76808318 1468.78432371 1453.41806771 1469.72422719
 1488.59903106 1479.50690097 1451.20207929 1457.27933662 1462.89865769]",Aug_ReliefF,6,0.2371210320852697,scikit_TOX-171,171,5748,StratifiedKFold n_splits = 10
accuracy,0.6470588235294118,0.00013401265903489619,SVC,100,"['486', '2825', '1731', '3164', '1275', '4414', '5654', '4928', '4086', '4927', '3260', '5642', '4417', '3798', '2648', '2900', '290', '4917', '2220', '3245', '300', '1481', '800', '302', '59', '3734', '4080', '5613', '5604', '3241', '693', '1975', '3573', '731', '284', '5307', '1151', '1295', '4394', '2096', '4761', '648', '1468', '4714', '5581', '4048', '4763', '3916', '4776', '5213', '1409', '120', '2092', '428', '856', '1885', '4962', '654', '5122', '124', '127', '1498', '3020', '2152', '903', '2700', '1889', '4311', '5327', '1344', '4166', '5141', '1450', '172', '5145', '5148', '1642', '1739', '2932', '1648', '663', '140', '2480', '2564', '1686', '4812', '3558', '5478', '5182', '2490', '5246', '1285', '1257', '5587', '5578', '3601', '5541', '2540', '5139', '4184', '0', '1', '2', '3', '4', '0_rbf', '1_rbf', '2_rbf', '3_rbf', '4_rbf']","[1443.32306691 1443.61422031 1444.39149966 1444.4485711  1453.7873094
 1458.44103962 1453.05666189 1460.49015653 1489.19267576 1469.10969289
 1507.34481124 1471.07525685 1498.83433976 1480.29508967 1471.69746164
 1455.89988061 1475.84488576 1460.0289092  1457.44611707 1519.3930198
 1455.15040337 1467.12657383 1446.85510402 1521.29578827 1459.19628706
 1470.79521958 1455.85179088 1455.19260421 1467.3422728  1480.42437519
 1481.50001845 1471.70644466 1459.05146983 1474.51585266 1447.63496308
 1483.60233257 1463.84392263 1498.14042998 1449.10348556 1482.31419216
 1453.61118239 1471.11530209 1446.04551639 1464.37624394 1476.68712605
 1458.18025716 1445.36203998 1501.05735874 1475.38610064 1474.90857775
 1451.39317135 1508.77053356 1454.15384053 1445.37434123 1481.89894283
 1456.05119951 1531.28433765 1462.89598685 1455.48862702 1492.72800356
 1479.03943702 1446.27905875 1450.15636195 1493.6291622  1446.09657514
 1446.50686902 1485.6493971  1456.64887718 1446.08694938 1506.42037481
 1449.08359139 1460.59847676 1478.78231457 1448.87605753 1477.49503841
 1461.66789042 1454.35365723 1466.25771455 1467.36046395 1459.32320339
 1514.96127458 1503.64166296 1481.90738745 1466.13651477 1470.46610767
 1462.3387347  1452.08158203 1447.76663839 1451.53989334 1447.01675859
 1492.70815367 1532.82045533 1548.0631721  1640.48319291 1533.0085675
 1549.03072113 1548.80398224 1533.79619366 1543.32827992 1555.49030956]",Aug_ReliefF,7,0.23216382903046906,scikit_TOX-171,171,5748,StratifiedKFold n_splits = 10
MCC,0.5280604451033417,0.00013401265903489619,SVC,100,"['486', '2825', '1731', '3164', '1275', '4414', '5654', '4928', '4086', '4927', '3260', '5642', '4417', '3798', '2648', '2900', '290', '4917', '2220', '3245', '300', '1481', '800', '302', '59', '3734', '4080', '5613', '5604', '3241', '693', '1975', '3573', '731', '284', '5307', '1151', '1295', '4394', '2096', '4761', '648', '1468', '4714', '5581', '4048', '4763', '3916', '4776', '5213', '1409', '120', '2092', '428', '856', '1885', '4962', '654', '5122', '124', '127', '1498', '3020', '2152', '903', '2700', '1889', '4311', '5327', '1344', '4166', '5141', '1450', '172', '5145', '5148', '1642', '1739', '2932', '1648', '663', '140', '2480', '2564', '1686', '4812', '3558', '5478', '5182', '2490', '5246', '1285', '1257', '5587', '5578', '3601', '5541', '2540', '5139', '4184', '0', '1', '2', '3', '4', '0_rbf', '1_rbf', '2_rbf', '3_rbf', '4_rbf']","[1443.32306691 1443.61422031 1444.39149966 1444.4485711  1453.7873094
 1458.44103962 1453.05666189 1460.49015653 1489.19267576 1469.10969289
 1507.34481124 1471.07525685 1498.83433976 1480.29508967 1471.69746164
 1455.89988061 1475.84488576 1460.0289092  1457.44611707 1519.3930198
 1455.15040337 1467.12657383 1446.85510402 1521.29578827 1459.19628706
 1470.79521958 1455.85179088 1455.19260421 1467.3422728  1480.42437519
 1481.50001845 1471.70644466 1459.05146983 1474.51585266 1447.63496308
 1483.60233257 1463.84392263 1498.14042998 1449.10348556 1482.31419216
 1453.61118239 1471.11530209 1446.04551639 1464.37624394 1476.68712605
 1458.18025716 1445.36203998 1501.05735874 1475.38610064 1474.90857775
 1451.39317135 1508.77053356 1454.15384053 1445.37434123 1481.89894283
 1456.05119951 1531.28433765 1462.89598685 1455.48862702 1492.72800356
 1479.03943702 1446.27905875 1450.15636195 1493.6291622  1446.09657514
 1446.50686902 1485.6493971  1456.64887718 1446.08694938 1506.42037481
 1449.08359139 1460.59847676 1478.78231457 1448.87605753 1477.49503841
 1461.66789042 1454.35365723 1466.25771455 1467.36046395 1459.32320339
 1514.96127458 1503.64166296 1481.90738745 1466.13651477 1470.46610767
 1462.3387347  1452.08158203 1447.76663839 1451.53989334 1447.01675859
 1492.70815367 1532.82045533 1548.0631721  1640.48319291 1533.0085675
 1549.03072113 1548.80398224 1533.79619366 1543.32827992 1555.49030956]",Aug_ReliefF,7,0.23216382903046906,scikit_TOX-171,171,5748,StratifiedKFold n_splits = 10
AUC,0.8777393310265282,0.00013401265903489619,SVC,100,"['486', '2825', '1731', '3164', '1275', '4414', '5654', '4928', '4086', '4927', '3260', '5642', '4417', '3798', '2648', '2900', '290', '4917', '2220', '3245', '300', '1481', '800', '302', '59', '3734', '4080', '5613', '5604', '3241', '693', '1975', '3573', '731', '284', '5307', '1151', '1295', '4394', '2096', '4761', '648', '1468', '4714', '5581', '4048', '4763', '3916', '4776', '5213', '1409', '120', '2092', '428', '856', '1885', '4962', '654', '5122', '124', '127', '1498', '3020', '2152', '903', '2700', '1889', '4311', '5327', '1344', '4166', '5141', '1450', '172', '5145', '5148', '1642', '1739', '2932', '1648', '663', '140', '2480', '2564', '1686', '4812', '3558', '5478', '5182', '2490', '5246', '1285', '1257', '5587', '5578', '3601', '5541', '2540', '5139', '4184', '0', '1', '2', '3', '4', '0_rbf', '1_rbf', '2_rbf', '3_rbf', '4_rbf']","[1443.32306691 1443.61422031 1444.39149966 1444.4485711  1453.7873094
 1458.44103962 1453.05666189 1460.49015653 1489.19267576 1469.10969289
 1507.34481124 1471.07525685 1498.83433976 1480.29508967 1471.69746164
 1455.89988061 1475.84488576 1460.0289092  1457.44611707 1519.3930198
 1455.15040337 1467.12657383 1446.85510402 1521.29578827 1459.19628706
 1470.79521958 1455.85179088 1455.19260421 1467.3422728  1480.42437519
 1481.50001845 1471.70644466 1459.05146983 1474.51585266 1447.63496308
 1483.60233257 1463.84392263 1498.14042998 1449.10348556 1482.31419216
 1453.61118239 1471.11530209 1446.04551639 1464.37624394 1476.68712605
 1458.18025716 1445.36203998 1501.05735874 1475.38610064 1474.90857775
 1451.39317135 1508.77053356 1454.15384053 1445.37434123 1481.89894283
 1456.05119951 1531.28433765 1462.89598685 1455.48862702 1492.72800356
 1479.03943702 1446.27905875 1450.15636195 1493.6291622  1446.09657514
 1446.50686902 1485.6493971  1456.64887718 1446.08694938 1506.42037481
 1449.08359139 1460.59847676 1478.78231457 1448.87605753 1477.49503841
 1461.66789042 1454.35365723 1466.25771455 1467.36046395 1459.32320339
 1514.96127458 1503.64166296 1481.90738745 1466.13651477 1470.46610767
 1462.3387347  1452.08158203 1447.76663839 1451.53989334 1447.01675859
 1492.70815367 1532.82045533 1548.0631721  1640.48319291 1533.0085675
 1549.03072113 1548.80398224 1533.79619366 1543.32827992 1555.49030956]",Aug_ReliefF,7,0.23216382903046906,scikit_TOX-171,171,5748,StratifiedKFold n_splits = 10
PR-AUC,0.7052675474838701,0.00013401265903489619,SVC,100,"['486', '2825', '1731', '3164', '1275', '4414', '5654', '4928', '4086', '4927', '3260', '5642', '4417', '3798', '2648', '2900', '290', '4917', '2220', '3245', '300', '1481', '800', '302', '59', '3734', '4080', '5613', '5604', '3241', '693', '1975', '3573', '731', '284', '5307', '1151', '1295', '4394', '2096', '4761', '648', '1468', '4714', '5581', '4048', '4763', '3916', '4776', '5213', '1409', '120', '2092', '428', '856', '1885', '4962', '654', '5122', '124', '127', '1498', '3020', '2152', '903', '2700', '1889', '4311', '5327', '1344', '4166', '5141', '1450', '172', '5145', '5148', '1642', '1739', '2932', '1648', '663', '140', '2480', '2564', '1686', '4812', '3558', '5478', '5182', '2490', '5246', '1285', '1257', '5587', '5578', '3601', '5541', '2540', '5139', '4184', '0', '1', '2', '3', '4', '0_rbf', '1_rbf', '2_rbf', '3_rbf', '4_rbf']","[1443.32306691 1443.61422031 1444.39149966 1444.4485711  1453.7873094
 1458.44103962 1453.05666189 1460.49015653 1489.19267576 1469.10969289
 1507.34481124 1471.07525685 1498.83433976 1480.29508967 1471.69746164
 1455.89988061 1475.84488576 1460.0289092  1457.44611707 1519.3930198
 1455.15040337 1467.12657383 1446.85510402 1521.29578827 1459.19628706
 1470.79521958 1455.85179088 1455.19260421 1467.3422728  1480.42437519
 1481.50001845 1471.70644466 1459.05146983 1474.51585266 1447.63496308
 1483.60233257 1463.84392263 1498.14042998 1449.10348556 1482.31419216
 1453.61118239 1471.11530209 1446.04551639 1464.37624394 1476.68712605
 1458.18025716 1445.36203998 1501.05735874 1475.38610064 1474.90857775
 1451.39317135 1508.77053356 1454.15384053 1445.37434123 1481.89894283
 1456.05119951 1531.28433765 1462.89598685 1455.48862702 1492.72800356
 1479.03943702 1446.27905875 1450.15636195 1493.6291622  1446.09657514
 1446.50686902 1485.6493971  1456.64887718 1446.08694938 1506.42037481
 1449.08359139 1460.59847676 1478.78231457 1448.87605753 1477.49503841
 1461.66789042 1454.35365723 1466.25771455 1467.36046395 1459.32320339
 1514.96127458 1503.64166296 1481.90738745 1466.13651477 1470.46610767
 1462.3387347  1452.08158203 1447.76663839 1451.53989334 1447.01675859
 1492.70815367 1532.82045533 1548.0631721  1640.48319291 1533.0085675
 1549.03072113 1548.80398224 1533.79619366 1543.32827992 1555.49030956]",Aug_ReliefF,7,0.23216382903046906,scikit_TOX-171,171,5748,StratifiedKFold n_splits = 10
accuracy,0.8235294117647058,0.00013084620061307783,SVC,100,"['4447', '1889', '3734', '5389', '2833', '5099', '2277', '1586', '2220', '1642', '1721', '4102', '4231', '4607', '5478', '82', '5642', '5016', '1477', '2915', '3478', '3330', '663', '2566', '1934', '284', '4115', '648', '569', '3538', '2032', '1593', '5295', '2872', '2096', '2092', '4681', '5654', '4477', '2476', '4450', '2480', '4433', '4707', '4422', '4417', '4414', '2017', '2014', '5587', '120', '5581', '124', '1987', '1975', '2607', '4358', '5541', '733', '1911', '172', '4184', '1832', '4840', '2900', '2944', '4086', '1727', '4073', '1083', '4928', '5307', '3916', '4962', '3789', '329', '3783', '4989', '5213', '1481', '1257', '5198', '1275', '1276', '5170', '5166', '1423', '2192', '1285', '3423', '3426', '5148', '5145', '5139', '3601', '3583', '3573', '5083', '3558', '693', '0', '1', '2', '3', '4', '0_rbf', '1_rbf', '2_rbf', '3_rbf', '4_rbf']","[1454.68050969 1454.69317239 1457.37818874 1455.21342355 1457.54203183
 1457.80978218 1457.75259125 1457.91282863 1458.2698284  1456.5316875
 1456.06836473 1459.31920075 1460.65139284 1463.42362478 1467.03488209
 1462.05126817 1467.94847765 1464.76062352 1459.97915764 1461.9660295
 1465.25836076 1461.38254357 1466.68536091 1464.80520894 1460.84950664
 1462.7356995  1459.74255383 1459.6949635  1461.63925088 1468.94531723
 1463.84438996 1461.95340238 1469.14621432 1469.2561862  1479.42548138
 1560.76083281 1473.21048744 1498.62168911 1488.65923005 1475.31990227
 1517.49176417 1487.81011194 1472.17196059 1493.58553259 1533.08151423
 1479.67003701 1496.48012023 1559.4967111  1478.33775428 1493.04272212
 1532.81690502 1508.67307018 1494.87897914 1508.94241234 1540.1508837
 1483.32185684 1483.52204264 1531.49032921 1473.41586063 1520.38023609
 1540.77782381 1526.27379953 1470.69987178 1549.9834218  1525.26361159
 1493.79963611 1542.55665157 1551.48316148 1512.40570446 1483.96587636
 1504.58252589 1541.77400879 1485.51434508 1571.91370712 1498.81726826
 1483.14632641 1536.13245797 1480.72353432 1495.85203039 1473.66620787
 1534.84204967 1486.43678709 1480.95776215 1541.26488788 1484.96824566
 1471.7614682  1538.90321293 1514.39461904 1559.62546334 1470.02176194
 1514.50198004 1503.97488104 1492.38975249 1482.10599191 1547.59028507
 1469.48304521 1487.75684119 1503.29273432 1491.79204766 1509.43413974]",Aug_ReliefF,8,0.2308686210308224,scikit_TOX-171,171,5748,StratifiedKFold n_splits = 10
MCC,0.7907990314904574,0.00013084620061307783,SVC,100,"['4447', '1889', '3734', '5389', '2833', '5099', '2277', '1586', '2220', '1642', '1721', '4102', '4231', '4607', '5478', '82', '5642', '5016', '1477', '2915', '3478', '3330', '663', '2566', '1934', '284', '4115', '648', '569', '3538', '2032', '1593', '5295', '2872', '2096', '2092', '4681', '5654', '4477', '2476', '4450', '2480', '4433', '4707', '4422', '4417', '4414', '2017', '2014', '5587', '120', '5581', '124', '1987', '1975', '2607', '4358', '5541', '733', '1911', '172', '4184', '1832', '4840', '2900', '2944', '4086', '1727', '4073', '1083', '4928', '5307', '3916', '4962', '3789', '329', '3783', '4989', '5213', '1481', '1257', '5198', '1275', '1276', '5170', '5166', '1423', '2192', '1285', '3423', '3426', '5148', '5145', '5139', '3601', '3583', '3573', '5083', '3558', '693', '0', '1', '2', '3', '4', '0_rbf', '1_rbf', '2_rbf', '3_rbf', '4_rbf']","[1454.68050969 1454.69317239 1457.37818874 1455.21342355 1457.54203183
 1457.80978218 1457.75259125 1457.91282863 1458.2698284  1456.5316875
 1456.06836473 1459.31920075 1460.65139284 1463.42362478 1467.03488209
 1462.05126817 1467.94847765 1464.76062352 1459.97915764 1461.9660295
 1465.25836076 1461.38254357 1466.68536091 1464.80520894 1460.84950664
 1462.7356995  1459.74255383 1459.6949635  1461.63925088 1468.94531723
 1463.84438996 1461.95340238 1469.14621432 1469.2561862  1479.42548138
 1560.76083281 1473.21048744 1498.62168911 1488.65923005 1475.31990227
 1517.49176417 1487.81011194 1472.17196059 1493.58553259 1533.08151423
 1479.67003701 1496.48012023 1559.4967111  1478.33775428 1493.04272212
 1532.81690502 1508.67307018 1494.87897914 1508.94241234 1540.1508837
 1483.32185684 1483.52204264 1531.49032921 1473.41586063 1520.38023609
 1540.77782381 1526.27379953 1470.69987178 1549.9834218  1525.26361159
 1493.79963611 1542.55665157 1551.48316148 1512.40570446 1483.96587636
 1504.58252589 1541.77400879 1485.51434508 1571.91370712 1498.81726826
 1483.14632641 1536.13245797 1480.72353432 1495.85203039 1473.66620787
 1534.84204967 1486.43678709 1480.95776215 1541.26488788 1484.96824566
 1471.7614682  1538.90321293 1514.39461904 1559.62546334 1470.02176194
 1514.50198004 1503.97488104 1492.38975249 1482.10599191 1547.59028507
 1469.48304521 1487.75684119 1503.29273432 1491.79204766 1509.43413974]",Aug_ReliefF,8,0.2308686210308224,scikit_TOX-171,171,5748,StratifiedKFold n_splits = 10
AUC,0.9319492502883506,0.00013084620061307783,SVC,100,"['4447', '1889', '3734', '5389', '2833', '5099', '2277', '1586', '2220', '1642', '1721', '4102', '4231', '4607', '5478', '82', '5642', '5016', '1477', '2915', '3478', '3330', '663', '2566', '1934', '284', '4115', '648', '569', '3538', '2032', '1593', '5295', '2872', '2096', '2092', '4681', '5654', '4477', '2476', '4450', '2480', '4433', '4707', '4422', '4417', '4414', '2017', '2014', '5587', '120', '5581', '124', '1987', '1975', '2607', '4358', '5541', '733', '1911', '172', '4184', '1832', '4840', '2900', '2944', '4086', '1727', '4073', '1083', '4928', '5307', '3916', '4962', '3789', '329', '3783', '4989', '5213', '1481', '1257', '5198', '1275', '1276', '5170', '5166', '1423', '2192', '1285', '3423', '3426', '5148', '5145', '5139', '3601', '3583', '3573', '5083', '3558', '693', '0', '1', '2', '3', '4', '0_rbf', '1_rbf', '2_rbf', '3_rbf', '4_rbf']","[1454.68050969 1454.69317239 1457.37818874 1455.21342355 1457.54203183
 1457.80978218 1457.75259125 1457.91282863 1458.2698284  1456.5316875
 1456.06836473 1459.31920075 1460.65139284 1463.42362478 1467.03488209
 1462.05126817 1467.94847765 1464.76062352 1459.97915764 1461.9660295
 1465.25836076 1461.38254357 1466.68536091 1464.80520894 1460.84950664
 1462.7356995  1459.74255383 1459.6949635  1461.63925088 1468.94531723
 1463.84438996 1461.95340238 1469.14621432 1469.2561862  1479.42548138
 1560.76083281 1473.21048744 1498.62168911 1488.65923005 1475.31990227
 1517.49176417 1487.81011194 1472.17196059 1493.58553259 1533.08151423
 1479.67003701 1496.48012023 1559.4967111  1478.33775428 1493.04272212
 1532.81690502 1508.67307018 1494.87897914 1508.94241234 1540.1508837
 1483.32185684 1483.52204264 1531.49032921 1473.41586063 1520.38023609
 1540.77782381 1526.27379953 1470.69987178 1549.9834218  1525.26361159
 1493.79963611 1542.55665157 1551.48316148 1512.40570446 1483.96587636
 1504.58252589 1541.77400879 1485.51434508 1571.91370712 1498.81726826
 1483.14632641 1536.13245797 1480.72353432 1495.85203039 1473.66620787
 1534.84204967 1486.43678709 1480.95776215 1541.26488788 1484.96824566
 1471.7614682  1538.90321293 1514.39461904 1559.62546334 1470.02176194
 1514.50198004 1503.97488104 1492.38975249 1482.10599191 1547.59028507
 1469.48304521 1487.75684119 1503.29273432 1491.79204766 1509.43413974]",Aug_ReliefF,8,0.2308686210308224,scikit_TOX-171,171,5748,StratifiedKFold n_splits = 10
PR-AUC,0.8940613737827361,0.00013084620061307783,SVC,100,"['4447', '1889', '3734', '5389', '2833', '5099', '2277', '1586', '2220', '1642', '1721', '4102', '4231', '4607', '5478', '82', '5642', '5016', '1477', '2915', '3478', '3330', '663', '2566', '1934', '284', '4115', '648', '569', '3538', '2032', '1593', '5295', '2872', '2096', '2092', '4681', '5654', '4477', '2476', '4450', '2480', '4433', '4707', '4422', '4417', '4414', '2017', '2014', '5587', '120', '5581', '124', '1987', '1975', '2607', '4358', '5541', '733', '1911', '172', '4184', '1832', '4840', '2900', '2944', '4086', '1727', '4073', '1083', '4928', '5307', '3916', '4962', '3789', '329', '3783', '4989', '5213', '1481', '1257', '5198', '1275', '1276', '5170', '5166', '1423', '2192', '1285', '3423', '3426', '5148', '5145', '5139', '3601', '3583', '3573', '5083', '3558', '693', '0', '1', '2', '3', '4', '0_rbf', '1_rbf', '2_rbf', '3_rbf', '4_rbf']","[1454.68050969 1454.69317239 1457.37818874 1455.21342355 1457.54203183
 1457.80978218 1457.75259125 1457.91282863 1458.2698284  1456.5316875
 1456.06836473 1459.31920075 1460.65139284 1463.42362478 1467.03488209
 1462.05126817 1467.94847765 1464.76062352 1459.97915764 1461.9660295
 1465.25836076 1461.38254357 1466.68536091 1464.80520894 1460.84950664
 1462.7356995  1459.74255383 1459.6949635  1461.63925088 1468.94531723
 1463.84438996 1461.95340238 1469.14621432 1469.2561862  1479.42548138
 1560.76083281 1473.21048744 1498.62168911 1488.65923005 1475.31990227
 1517.49176417 1487.81011194 1472.17196059 1493.58553259 1533.08151423
 1479.67003701 1496.48012023 1559.4967111  1478.33775428 1493.04272212
 1532.81690502 1508.67307018 1494.87897914 1508.94241234 1540.1508837
 1483.32185684 1483.52204264 1531.49032921 1473.41586063 1520.38023609
 1540.77782381 1526.27379953 1470.69987178 1549.9834218  1525.26361159
 1493.79963611 1542.55665157 1551.48316148 1512.40570446 1483.96587636
 1504.58252589 1541.77400879 1485.51434508 1571.91370712 1498.81726826
 1483.14632641 1536.13245797 1480.72353432 1495.85203039 1473.66620787
 1534.84204967 1486.43678709 1480.95776215 1541.26488788 1484.96824566
 1471.7614682  1538.90321293 1514.39461904 1559.62546334 1470.02176194
 1514.50198004 1503.97488104 1492.38975249 1482.10599191 1547.59028507
 1469.48304521 1487.75684119 1503.29273432 1491.79204766 1509.43413974]",Aug_ReliefF,8,0.2308686210308224,scikit_TOX-171,171,5748,StratifiedKFold n_splits = 10
accuracy,0.8823529411764706,0.00013117321409148778,SVC,100,"['1477', '3047', '1911', '489', '2782', '4523', '3355', '4131', '4250', '172', '2192', '656', '3719', '2540', '1172', '1832', '5122', '5654', '1344', '2017', '101', '5139', '1423', '111', '4989', '4497', '5148', '4086', '4073', '2278', '120', '3601', '4553', '1889', '2055', '1721', '4962', '2092', '2648', '4478', '648', '4477', '5166', '3427', '140', '5587', '1727', '663', '3164', '5213', '4607', '59', '4917', '1877', '1450', '4417', '5541', '1930', '4118', '3241', '5019', '1648', '3245', '1642', '5075', '693', '3916', '2700', '3757', '2494', '1975', '4674', '3573', '2607', '731', '4450', '733', '3783', '1050', '3789', '4840', '4707', '856', '1593', '5307', '1257', '1295', '3074', '284', '3528', '4761', '1285', '329', '302', '3260', '1275', '4422', '1276', '4184', '5083', '0', '1', '2', '3', '4', '0_rbf', '1_rbf', '2_rbf', '3_rbf', '4_rbf']","[1435.13400318 1435.27604989 1435.89836907 1436.13968756 1436.26286789
 1436.39103972 1437.38321174 1436.76918282 1437.17692881 1437.68689215
 1440.10496282 1440.22012053 1438.91245781 1440.19011244 1441.31633675
 1441.52753418 1459.10867803 1482.12994919 1457.62979476 1504.80323169
 1445.99570888 1536.1377124  1556.56779568 1451.74372436 1445.34279457
 1453.27685297 1465.65305286 1456.1505951  1504.2106221  1465.86316429
 1512.91646665 1596.21627008 1461.45948185 1489.2765311  1454.48072376
 1471.44566062 1602.48252177 1524.57662158 1455.47488691 1475.07544493
 1459.1182227  1472.05548427 1464.81185571 1448.27865331 1443.64200952
 1539.76173807 1479.03096082 1454.10583643 1450.24688975 1454.36161054
 1466.32880008 1457.50977121 1457.68904307 1456.37733253 1467.4317412
 1460.24988665 1572.11193156 1444.11233415 1464.42934268 1444.13855286
 1463.85925621 1453.81259207 1449.92607279 1480.83006201 1477.12327736
 1454.38504329 1443.01347519 1459.52535914 1450.21437829 1443.30772028
 1514.38327246 1446.22522832 1471.95503573 1443.75217186 1464.23968635
 1448.41783264 1452.86141047 1522.91548777 1448.53011451 1476.41111206
 1568.5134768  1507.24864661 1452.2881052  1459.62991046 1474.02158169
 1467.16441859 1456.1728991  1471.00531063 1462.45395116 1477.65165391
 1455.12898179 1496.25794441 1514.9198293  1469.07088657 1460.52211611
 1474.54076038 1466.25375828 1486.54127883 1502.90696792 1442.10569916]",Aug_ReliefF,9,0.23009629896841943,scikit_TOX-171,171,5748,StratifiedKFold n_splits = 10
MCC,0.8472222222222222,0.00013117321409148778,SVC,100,"['1477', '3047', '1911', '489', '2782', '4523', '3355', '4131', '4250', '172', '2192', '656', '3719', '2540', '1172', '1832', '5122', '5654', '1344', '2017', '101', '5139', '1423', '111', '4989', '4497', '5148', '4086', '4073', '2278', '120', '3601', '4553', '1889', '2055', '1721', '4962', '2092', '2648', '4478', '648', '4477', '5166', '3427', '140', '5587', '1727', '663', '3164', '5213', '4607', '59', '4917', '1877', '1450', '4417', '5541', '1930', '4118', '3241', '5019', '1648', '3245', '1642', '5075', '693', '3916', '2700', '3757', '2494', '1975', '4674', '3573', '2607', '731', '4450', '733', '3783', '1050', '3789', '4840', '4707', '856', '1593', '5307', '1257', '1295', '3074', '284', '3528', '4761', '1285', '329', '302', '3260', '1275', '4422', '1276', '4184', '5083', '0', '1', '2', '3', '4', '0_rbf', '1_rbf', '2_rbf', '3_rbf', '4_rbf']","[1435.13400318 1435.27604989 1435.89836907 1436.13968756 1436.26286789
 1436.39103972 1437.38321174 1436.76918282 1437.17692881 1437.68689215
 1440.10496282 1440.22012053 1438.91245781 1440.19011244 1441.31633675
 1441.52753418 1459.10867803 1482.12994919 1457.62979476 1504.80323169
 1445.99570888 1536.1377124  1556.56779568 1451.74372436 1445.34279457
 1453.27685297 1465.65305286 1456.1505951  1504.2106221  1465.86316429
 1512.91646665 1596.21627008 1461.45948185 1489.2765311  1454.48072376
 1471.44566062 1602.48252177 1524.57662158 1455.47488691 1475.07544493
 1459.1182227  1472.05548427 1464.81185571 1448.27865331 1443.64200952
 1539.76173807 1479.03096082 1454.10583643 1450.24688975 1454.36161054
 1466.32880008 1457.50977121 1457.68904307 1456.37733253 1467.4317412
 1460.24988665 1572.11193156 1444.11233415 1464.42934268 1444.13855286
 1463.85925621 1453.81259207 1449.92607279 1480.83006201 1477.12327736
 1454.38504329 1443.01347519 1459.52535914 1450.21437829 1443.30772028
 1514.38327246 1446.22522832 1471.95503573 1443.75217186 1464.23968635
 1448.41783264 1452.86141047 1522.91548777 1448.53011451 1476.41111206
 1568.5134768  1507.24864661 1452.2881052  1459.62991046 1474.02158169
 1467.16441859 1456.1728991  1471.00531063 1462.45395116 1477.65165391
 1455.12898179 1496.25794441 1514.9198293  1469.07088657 1460.52211611
 1474.54076038 1466.25375828 1486.54127883 1502.90696792 1442.10569916]",Aug_ReliefF,9,0.23009629896841943,scikit_TOX-171,171,5748,StratifiedKFold n_splits = 10
AUC,0.986159169550173,0.00013117321409148778,SVC,100,"['1477', '3047', '1911', '489', '2782', '4523', '3355', '4131', '4250', '172', '2192', '656', '3719', '2540', '1172', '1832', '5122', '5654', '1344', '2017', '101', '5139', '1423', '111', '4989', '4497', '5148', '4086', '4073', '2278', '120', '3601', '4553', '1889', '2055', '1721', '4962', '2092', '2648', '4478', '648', '4477', '5166', '3427', '140', '5587', '1727', '663', '3164', '5213', '4607', '59', '4917', '1877', '1450', '4417', '5541', '1930', '4118', '3241', '5019', '1648', '3245', '1642', '5075', '693', '3916', '2700', '3757', '2494', '1975', '4674', '3573', '2607', '731', '4450', '733', '3783', '1050', '3789', '4840', '4707', '856', '1593', '5307', '1257', '1295', '3074', '284', '3528', '4761', '1285', '329', '302', '3260', '1275', '4422', '1276', '4184', '5083', '0', '1', '2', '3', '4', '0_rbf', '1_rbf', '2_rbf', '3_rbf', '4_rbf']","[1435.13400318 1435.27604989 1435.89836907 1436.13968756 1436.26286789
 1436.39103972 1437.38321174 1436.76918282 1437.17692881 1437.68689215
 1440.10496282 1440.22012053 1438.91245781 1440.19011244 1441.31633675
 1441.52753418 1459.10867803 1482.12994919 1457.62979476 1504.80323169
 1445.99570888 1536.1377124  1556.56779568 1451.74372436 1445.34279457
 1453.27685297 1465.65305286 1456.1505951  1504.2106221  1465.86316429
 1512.91646665 1596.21627008 1461.45948185 1489.2765311  1454.48072376
 1471.44566062 1602.48252177 1524.57662158 1455.47488691 1475.07544493
 1459.1182227  1472.05548427 1464.81185571 1448.27865331 1443.64200952
 1539.76173807 1479.03096082 1454.10583643 1450.24688975 1454.36161054
 1466.32880008 1457.50977121 1457.68904307 1456.37733253 1467.4317412
 1460.24988665 1572.11193156 1444.11233415 1464.42934268 1444.13855286
 1463.85925621 1453.81259207 1449.92607279 1480.83006201 1477.12327736
 1454.38504329 1443.01347519 1459.52535914 1450.21437829 1443.30772028
 1514.38327246 1446.22522832 1471.95503573 1443.75217186 1464.23968635
 1448.41783264 1452.86141047 1522.91548777 1448.53011451 1476.41111206
 1568.5134768  1507.24864661 1452.2881052  1459.62991046 1474.02158169
 1467.16441859 1456.1728991  1471.00531063 1462.45395116 1477.65165391
 1455.12898179 1496.25794441 1514.9198293  1469.07088657 1460.52211611
 1474.54076038 1466.25375828 1486.54127883 1502.90696792 1442.10569916]",Aug_ReliefF,9,0.23009629896841943,scikit_TOX-171,171,5748,StratifiedKFold n_splits = 10
PR-AUC,0.9645248219088416,0.00013117321409148778,SVC,100,"['1477', '3047', '1911', '489', '2782', '4523', '3355', '4131', '4250', '172', '2192', '656', '3719', '2540', '1172', '1832', '5122', '5654', '1344', '2017', '101', '5139', '1423', '111', '4989', '4497', '5148', '4086', '4073', '2278', '120', '3601', '4553', '1889', '2055', '1721', '4962', '2092', '2648', '4478', '648', '4477', '5166', '3427', '140', '5587', '1727', '663', '3164', '5213', '4607', '59', '4917', '1877', '1450', '4417', '5541', '1930', '4118', '3241', '5019', '1648', '3245', '1642', '5075', '693', '3916', '2700', '3757', '2494', '1975', '4674', '3573', '2607', '731', '4450', '733', '3783', '1050', '3789', '4840', '4707', '856', '1593', '5307', '1257', '1295', '3074', '284', '3528', '4761', '1285', '329', '302', '3260', '1275', '4422', '1276', '4184', '5083', '0', '1', '2', '3', '4', '0_rbf', '1_rbf', '2_rbf', '3_rbf', '4_rbf']","[1435.13400318 1435.27604989 1435.89836907 1436.13968756 1436.26286789
 1436.39103972 1437.38321174 1436.76918282 1437.17692881 1437.68689215
 1440.10496282 1440.22012053 1438.91245781 1440.19011244 1441.31633675
 1441.52753418 1459.10867803 1482.12994919 1457.62979476 1504.80323169
 1445.99570888 1536.1377124  1556.56779568 1451.74372436 1445.34279457
 1453.27685297 1465.65305286 1456.1505951  1504.2106221  1465.86316429
 1512.91646665 1596.21627008 1461.45948185 1489.2765311  1454.48072376
 1471.44566062 1602.48252177 1524.57662158 1455.47488691 1475.07544493
 1459.1182227  1472.05548427 1464.81185571 1448.27865331 1443.64200952
 1539.76173807 1479.03096082 1454.10583643 1450.24688975 1454.36161054
 1466.32880008 1457.50977121 1457.68904307 1456.37733253 1467.4317412
 1460.24988665 1572.11193156 1444.11233415 1464.42934268 1444.13855286
 1463.85925621 1453.81259207 1449.92607279 1480.83006201 1477.12327736
 1454.38504329 1443.01347519 1459.52535914 1450.21437829 1443.30772028
 1514.38327246 1446.22522832 1471.95503573 1443.75217186 1464.23968635
 1448.41783264 1452.86141047 1522.91548777 1448.53011451 1476.41111206
 1568.5134768  1507.24864661 1452.2881052  1459.62991046 1474.02158169
 1467.16441859 1456.1728991  1471.00531063 1462.45395116 1477.65165391
 1455.12898179 1496.25794441 1514.9198293  1469.07088657 1460.52211611
 1474.54076038 1466.25375828 1486.54127883 1502.90696792 1442.10569916]",Aug_ReliefF,9,0.23009629896841943,scikit_TOX-171,171,5748,StratifiedKFold n_splits = 10
accuracy,0.5294117647058824,0.00013152349927667074,SVC,100,"['3798', '1285', '150', '5213', '3734', '4184', '5654', '5642', '1428', '563', '140', '4203', '5198', '3783', '3260', '3789', '2021', '1151', '2014', '648', '3331', '5099', '127', '1975', '2092', '124', '3757', '947', '120', '3245', '2648', '2480', '1295', '1423', '1445', '5587', '2278', '5581', '5307', '1420', '1450', '3967', '2117', '4658', '1911', '1276', '5139', '2944', '5541', '302', '1832', '4962', '4118', '3776', '693', '5148', '3678', '731', '1275', '5083', '2685', '4394', '1050', '2152', '329', '2491', '5216', '1727', '4417', '663', '4102', '4100', '4422', '1481', '3943', '2540', '5481', '4707', '1698', '1692', '5165', '1344', '1257', '1686', '4450', '2858', '3601', '1648', '1642', '4477', '3573', '1498', '460', '5301', '4840', '4048', '3831', '2377', '489', '3719', '0', '1', '2', '3', '4', '0_rbf', '1_rbf', '2_rbf', '3_rbf', '4_rbf']","[1444.25198459 1532.05116716 1446.64118699 1503.78317476 1454.27847248
 1583.11182524 1470.63810077 1489.78500885 1448.5629186  1455.41877252
 1488.86087007 1450.72362959 1486.67360218 1488.50717965 1512.95752995
 1462.74560372 1462.15058375 1452.54909511 1444.48044466 1448.93040463
 1466.38468177 1483.59249049 1446.29693393 1498.38426003 1491.37884152
 1497.27935994 1536.0585472  1446.83812951 1512.27792967 1483.08865499
 1485.63458197 1483.13887435 1520.54414859 1469.63823997 1450.70229198
 1607.72095201 1478.27897865 1480.10610012 1537.95979994 1477.75450336
 1480.35692988 1470.65536176 1448.61083168 1459.41247656 1464.03556598
 1527.30433527 1535.96793447 1471.75609059 1537.99135051 1509.08677844
 1446.01665614 1624.92079719 1491.65882904 1477.7005009  1492.48379134
 1552.66478    1470.6996592  1472.64514738 1469.69094987 1470.20304757
 1450.78089078 1449.7533544  1447.99648521 1502.27625132 1475.89480144
 1449.55179528 1460.35415952 1491.49805661 1497.85690189 1524.90219159
 1453.21777998 1463.14258161 1445.51327868 1448.64419056 1457.9288427
 1471.14546603 1471.83711373 1479.93731466 1454.29233284 1529.09073408
 1450.1180957  1491.90328324 1451.91098332 1497.97441785 1448.60162691
 1445.42372874 1573.2573851  1512.95132816 1461.49881549 1461.39872413
 1531.26781879 1448.26927267 1445.04352657 1444.55910812 1520.41319526
 1468.81919363 1464.90531344 1456.22041045 1457.44670987 1450.84995842]",Aug_ReliefF,10,0.22963498812168837,scikit_TOX-171,171,5748,StratifiedKFold n_splits = 10
MCC,0.44609427309977073,0.00013152349927667074,SVC,100,"['3798', '1285', '150', '5213', '3734', '4184', '5654', '5642', '1428', '563', '140', '4203', '5198', '3783', '3260', '3789', '2021', '1151', '2014', '648', '3331', '5099', '127', '1975', '2092', '124', '3757', '947', '120', '3245', '2648', '2480', '1295', '1423', '1445', '5587', '2278', '5581', '5307', '1420', '1450', '3967', '2117', '4658', '1911', '1276', '5139', '2944', '5541', '302', '1832', '4962', '4118', '3776', '693', '5148', '3678', '731', '1275', '5083', '2685', '4394', '1050', '2152', '329', '2491', '5216', '1727', '4417', '663', '4102', '4100', '4422', '1481', '3943', '2540', '5481', '4707', '1698', '1692', '5165', '1344', '1257', '1686', '4450', '2858', '3601', '1648', '1642', '4477', '3573', '1498', '460', '5301', '4840', '4048', '3831', '2377', '489', '3719', '0', '1', '2', '3', '4', '0_rbf', '1_rbf', '2_rbf', '3_rbf', '4_rbf']","[1444.25198459 1532.05116716 1446.64118699 1503.78317476 1454.27847248
 1583.11182524 1470.63810077 1489.78500885 1448.5629186  1455.41877252
 1488.86087007 1450.72362959 1486.67360218 1488.50717965 1512.95752995
 1462.74560372 1462.15058375 1452.54909511 1444.48044466 1448.93040463
 1466.38468177 1483.59249049 1446.29693393 1498.38426003 1491.37884152
 1497.27935994 1536.0585472  1446.83812951 1512.27792967 1483.08865499
 1485.63458197 1483.13887435 1520.54414859 1469.63823997 1450.70229198
 1607.72095201 1478.27897865 1480.10610012 1537.95979994 1477.75450336
 1480.35692988 1470.65536176 1448.61083168 1459.41247656 1464.03556598
 1527.30433527 1535.96793447 1471.75609059 1537.99135051 1509.08677844
 1446.01665614 1624.92079719 1491.65882904 1477.7005009  1492.48379134
 1552.66478    1470.6996592  1472.64514738 1469.69094987 1470.20304757
 1450.78089078 1449.7533544  1447.99648521 1502.27625132 1475.89480144
 1449.55179528 1460.35415952 1491.49805661 1497.85690189 1524.90219159
 1453.21777998 1463.14258161 1445.51327868 1448.64419056 1457.9288427
 1471.14546603 1471.83711373 1479.93731466 1454.29233284 1529.09073408
 1450.1180957  1491.90328324 1451.91098332 1497.97441785 1448.60162691
 1445.42372874 1573.2573851  1512.95132816 1461.49881549 1461.39872413
 1531.26781879 1448.26927267 1445.04352657 1444.55910812 1520.41319526
 1468.81919363 1464.90531344 1456.22041045 1457.44670987 1450.84995842]",Aug_ReliefF,10,0.22963498812168837,scikit_TOX-171,171,5748,StratifiedKFold n_splits = 10
AUC,0.8339100346020761,0.00013152349927667074,SVC,100,"['3798', '1285', '150', '5213', '3734', '4184', '5654', '5642', '1428', '563', '140', '4203', '5198', '3783', '3260', '3789', '2021', '1151', '2014', '648', '3331', '5099', '127', '1975', '2092', '124', '3757', '947', '120', '3245', '2648', '2480', '1295', '1423', '1445', '5587', '2278', '5581', '5307', '1420', '1450', '3967', '2117', '4658', '1911', '1276', '5139', '2944', '5541', '302', '1832', '4962', '4118', '3776', '693', '5148', '3678', '731', '1275', '5083', '2685', '4394', '1050', '2152', '329', '2491', '5216', '1727', '4417', '663', '4102', '4100', '4422', '1481', '3943', '2540', '5481', '4707', '1698', '1692', '5165', '1344', '1257', '1686', '4450', '2858', '3601', '1648', '1642', '4477', '3573', '1498', '460', '5301', '4840', '4048', '3831', '2377', '489', '3719', '0', '1', '2', '3', '4', '0_rbf', '1_rbf', '2_rbf', '3_rbf', '4_rbf']","[1444.25198459 1532.05116716 1446.64118699 1503.78317476 1454.27847248
 1583.11182524 1470.63810077 1489.78500885 1448.5629186  1455.41877252
 1488.86087007 1450.72362959 1486.67360218 1488.50717965 1512.95752995
 1462.74560372 1462.15058375 1452.54909511 1444.48044466 1448.93040463
 1466.38468177 1483.59249049 1446.29693393 1498.38426003 1491.37884152
 1497.27935994 1536.0585472  1446.83812951 1512.27792967 1483.08865499
 1485.63458197 1483.13887435 1520.54414859 1469.63823997 1450.70229198
 1607.72095201 1478.27897865 1480.10610012 1537.95979994 1477.75450336
 1480.35692988 1470.65536176 1448.61083168 1459.41247656 1464.03556598
 1527.30433527 1535.96793447 1471.75609059 1537.99135051 1509.08677844
 1446.01665614 1624.92079719 1491.65882904 1477.7005009  1492.48379134
 1552.66478    1470.6996592  1472.64514738 1469.69094987 1470.20304757
 1450.78089078 1449.7533544  1447.99648521 1502.27625132 1475.89480144
 1449.55179528 1460.35415952 1491.49805661 1497.85690189 1524.90219159
 1453.21777998 1463.14258161 1445.51327868 1448.64419056 1457.9288427
 1471.14546603 1471.83711373 1479.93731466 1454.29233284 1529.09073408
 1450.1180957  1491.90328324 1451.91098332 1497.97441785 1448.60162691
 1445.42372874 1573.2573851  1512.95132816 1461.49881549 1461.39872413
 1531.26781879 1448.26927267 1445.04352657 1444.55910812 1520.41319526
 1468.81919363 1464.90531344 1456.22041045 1457.44670987 1450.84995842]",Aug_ReliefF,10,0.22963498812168837,scikit_TOX-171,171,5748,StratifiedKFold n_splits = 10
PR-AUC,0.7089426482711316,0.00013152349927667074,SVC,100,"['3798', '1285', '150', '5213', '3734', '4184', '5654', '5642', '1428', '563', '140', '4203', '5198', '3783', '3260', '3789', '2021', '1151', '2014', '648', '3331', '5099', '127', '1975', '2092', '124', '3757', '947', '120', '3245', '2648', '2480', '1295', '1423', '1445', '5587', '2278', '5581', '5307', '1420', '1450', '3967', '2117', '4658', '1911', '1276', '5139', '2944', '5541', '302', '1832', '4962', '4118', '3776', '693', '5148', '3678', '731', '1275', '5083', '2685', '4394', '1050', '2152', '329', '2491', '5216', '1727', '4417', '663', '4102', '4100', '4422', '1481', '3943', '2540', '5481', '4707', '1698', '1692', '5165', '1344', '1257', '1686', '4450', '2858', '3601', '1648', '1642', '4477', '3573', '1498', '460', '5301', '4840', '4048', '3831', '2377', '489', '3719', '0', '1', '2', '3', '4', '0_rbf', '1_rbf', '2_rbf', '3_rbf', '4_rbf']","[1444.25198459 1532.05116716 1446.64118699 1503.78317476 1454.27847248
 1583.11182524 1470.63810077 1489.78500885 1448.5629186  1455.41877252
 1488.86087007 1450.72362959 1486.67360218 1488.50717965 1512.95752995
 1462.74560372 1462.15058375 1452.54909511 1444.48044466 1448.93040463
 1466.38468177 1483.59249049 1446.29693393 1498.38426003 1491.37884152
 1497.27935994 1536.0585472  1446.83812951 1512.27792967 1483.08865499
 1485.63458197 1483.13887435 1520.54414859 1469.63823997 1450.70229198
 1607.72095201 1478.27897865 1480.10610012 1537.95979994 1477.75450336
 1480.35692988 1470.65536176 1448.61083168 1459.41247656 1464.03556598
 1527.30433527 1535.96793447 1471.75609059 1537.99135051 1509.08677844
 1446.01665614 1624.92079719 1491.65882904 1477.7005009  1492.48379134
 1552.66478    1470.6996592  1472.64514738 1469.69094987 1470.20304757
 1450.78089078 1449.7533544  1447.99648521 1502.27625132 1475.89480144
 1449.55179528 1460.35415952 1491.49805661 1497.85690189 1524.90219159
 1453.21777998 1463.14258161 1445.51327868 1448.64419056 1457.9288427
 1471.14546603 1471.83711373 1479.93731466 1454.29233284 1529.09073408
 1450.1180957  1491.90328324 1451.91098332 1497.97441785 1448.60162691
 1445.42372874 1573.2573851  1512.95132816 1461.49881549 1461.39872413
 1531.26781879 1448.26927267 1445.04352657 1444.55910812 1520.41319526
 1468.81919363 1464.90531344 1456.22041045 1457.44670987 1450.84995842]",Aug_ReliefF,10,0.22963498812168837,scikit_TOX-171,171,5748,StratifiedKFold n_splits = 10
